text,category,template_id
A house party on 5th Avenue for two weeks now has loud music going well past midnight.,Noise Complaints,Noise Complaints::13
The public water fountain in the park near Lakeview Drive isn't working every evening this week.,Parks & Public Spaces,Parks & Public Spaces::6
Yard waste hasn't been picked up on Cedar Street yesterday afternoon despite being scheduled.,Sanitation & Waste,Sanitation & Waste::11
There's a bad smell coming from an uncollected dumpster on Lakeview Drive since Monday.,Sanitation & Waste,Sanitation & Waste::3
There's a bad smell coming from an uncollected dumpster on Hillcrest Road since Monday.,Sanitation & Waste,Sanitation & Waste::3
"There's a gas smell near Elm Street for two weeks now, this may need urgent attention.",Water & Utilities,Water & Utilities::5
The electricity substation near Lakeview Drive has been making loud buzzing noises over the weekend.,Water & Utilities,Water & Utilities::16
The swings at the playground on Riverside Drive are rusted and need replacing this morning.,Parks & Public Spaces,Parks & Public Spaces::11
"Someone burned trash illegally near Elm Street for the past three days, leaving ash everywhere.",Sanitation & Waste,Sanitation & Waste::14
Heavy trucks are damaging the road surface on Church Road over the weekend.,Traffic & Roads,Traffic & Roads::18
A sewage smell is coming from a manhole on Hillcrest Road for two weeks now.,Water & Utilities,Water & Utilities::3
"There have been reports of break-ins near Station Road yesterday afternoon, residents want more patrols.",Public Safety,Public Safety::9
The swings at the playground on Church Road are rusted and need replacing for two weeks now.,Parks & Public Spaces,Parks & Public Spaces::11
"An open manhole cover on Cedar Street has been left uncovered yesterday afternoon, it's a serious hazard.",Water & Utilities,Water & Utilities::15
Continuous drilling noise from 5th Avenue for two weeks now has been reported by several residents.,Noise Complaints,Noise Complaints::12
The pedestrian crossing button on Cedar Street isn't working over the weekend.,Traffic & Roads,Traffic & Roads::14
There's a bad smell coming from an uncollected dumpster on Highfield Ave for two weeks now.,Sanitation & Waste,Sanitation & Waste::3
There's no working smoke detector reported in the shared stairwell on Highfield Ave this past hour.,Public Safety,Public Safety::14
Heavy trucks are damaging the road surface on Riverside Drive this morning.,Traffic & Roads,Traffic & Roads::18
The playground equipment at the park on Lakeview Drive is broken last night.,Parks & Public Spaces,Parks & Public Spaces::0
Recyclables are being mixed with regular trash by collectors on Main St for two weeks now.,Sanitation & Waste,Sanitation & Waste::17
Overgrown grass and weeds at the park near Cedar Street need to be cut since Monday.,Parks & Public Spaces,Parks & Public Spaces::3
Late-night parties on Riverside Drive last night are keeping residents awake.,Noise Complaints,Noise Complaints::5
Roadworks on Union Street have left an unmarked hole in the pavement for two weeks now.,Traffic & Roads,Traffic & Roads::16
The road markings/lane lines on Church Road have completely worn away yesterday afternoon.,Traffic & Roads,Traffic & Roads::12
"Garbage collection on Maple Avenue was missed every evening this week, bins are overflowing.",Sanitation & Waste,Sanitation & Waste::0
"Suspicious activity has been reported near Maple Avenue last night, requesting a patrol.",Public Safety,Public Safety::2
The crosswalk markings on 5th Avenue have faded and are barely visible this morning.,Traffic & Roads,Traffic & Roads::7
Park signage near Highfield Ave listing opening hours is faded and unreadable since Monday.,Parks & Public Spaces,Parks & Public Spaces::14
A stop sign near Maple Avenue was knocked down this past hour and hasn't been replaced.,Traffic & Roads,Traffic & Roads::6
The crosswalk markings on Cedar Street have faded and are barely visible over the weekend.,Traffic & Roads,Traffic & Roads::7
Residents on 5th Avenue report the tap water smells strange since Monday.,Water & Utilities,Water & Utilities::14
"The road on Main St is badly flooded for two weeks now, it's not passable.",Traffic & Roads,Traffic & Roads::3
The streetlights on Highfield Ave have been out every evening this week.,Water & Utilities,Water & Utilities::4
Loud generator noise from a property on Highfield Ave has continued this morning.,Noise Complaints,Noise Complaints::6
"There's an abandoned building on Station Road with a broken fence, unsafe since Monday.",Public Safety,Public Safety::1
The compost bins provided on Union Street are broken and leaking this past hour.,Sanitation & Waste,Sanitation & Waste::13
The pedestrian crossing button on Maple Avenue isn't working this past hour.,Traffic & Roads,Traffic & Roads::14
Overgrown grass and weeds at the park near Union Street need to be cut over the weekend.,Parks & Public Spaces,Parks & Public Spaces::3
Broken glass has been scattered on the pavement of Station Road this past hour.,Public Safety,Public Safety::12
Low water pressure has been reported on Park Road for two weeks now.,Water & Utilities,Water & Utilities::2
A bench in the park on Cedar Street is damaged and unsafe to sit on over the weekend.,Parks & Public Spaces,Parks & Public Spaces::4
A house party on 5th Avenue yesterday afternoon has loud music going well past midnight.,Noise Complaints,Noise Complaints::13
"An open manhole cover on Union Street has been left uncovered for the past three days, it's a serious hazard.",Water & Utilities,Water & Utilities::15
"The one-way sign on Market Street is bent and hard to read for two weeks now, causing wrong-way driving.",Traffic & Roads,Traffic & Roads::17
The basketball court near Maple Avenue has large cracks in the surface every evening this week.,Parks & Public Spaces,Parks & Public Spaces::8
The crosswalk markings on 5th Avenue have faded and are barely visible over the weekend.,Traffic & Roads,Traffic & Roads::7
"An unsecured construction site on Maple Avenue has been left open last night, kids could wander in.",Public Safety,Public Safety::10
"A neighbor on Church Road has been playing loud music for the past three days, disturbing the whole block.",Noise Complaints,Noise Complaints::1
The power keeps flickering on and off on Riverside Drive last night.,Water & Utilities,Water & Utilities::8
"There's an abandoned building on Riverside Drive with a broken fence, unsafe yesterday afternoon.",Public Safety,Public Safety::1
There's no working smoke detector reported in the shared stairwell on Union Street over the weekend.,Public Safety,Public Safety::14
Park signage near Lakeview Drive listing opening hours is faded and unreadable last night.,Parks & Public Spaces,Parks & Public Spaces::14
A bar on Cedar Street has had excessively loud events this past hour.,Noise Complaints,Noise Complaints::3
"Loud construction work on Main St has been going on every evening this week, well outside permitted hours.",Noise Complaints,Noise Complaints::0
"An open manhole cover on 5th Avenue has been left uncovered yesterday afternoon, it's a serious hazard.",Water & Utilities,Water & Utilities::15
The recycling bins on Hillcrest Road haven't been emptied this morning.,Sanitation & Waste,Sanitation & Waste::2
Water discoloration from the tap has been reported by residents on Lakeview Drive since Monday.,Water & Utilities,Water & Utilities::6
"We've had no electricity on Riverside Drive every evening this week, please send a crew.",Water & Utilities,Water & Utilities::1
The swings at the playground on Main St are rusted and need replacing yesterday afternoon.,Parks & Public Spaces,Parks & Public Spaces::11
Park signage near Main St listing opening hours is faded and unreadable this morning.,Parks & Public Spaces,Parks & Public Spaces::14
A dead animal has been left uncollected on Station Road since Monday.,Sanitation & Waste,Sanitation & Waste::5
Residents on 5th Avenue report the tap water smells strange yesterday afternoon.,Water & Utilities,Water & Utilities::14
Continuous drilling noise from Station Road this morning has been reported by several residents.,Noise Complaints,Noise Complaints::12
A restaurant's outdoor speakers on Oak Lane are far too loud yesterday afternoon.,Noise Complaints,Noise Complaints::11
A broken guardrail on the bridge near Riverside Drive needs urgent road repair for two weeks now.,Traffic & Roads,Traffic & Roads::15
Loose electrical wiring has been spotted hanging near Union Street for the past three days.,Public Safety,Public Safety::6
Late-night parties on Elm Street yesterday afternoon are keeping residents awake.,Noise Complaints,Noise Complaints::5
"A security camera on Park Road has been broken over the weekend, it's a blind spot now.",Public Safety,Public Safety::8
"The one-way sign on Main St is bent and hard to read last night, causing wrong-way driving.",Traffic & Roads,Traffic & Roads::17
A burst pipe on Cedar Street is spraying water onto the road every evening this week.,Water & Utilities,Water & Utilities::7
There's constant dog barking from a property on Market Street yesterday afternoon.,Noise Complaints,Noise Complaints::2
Fallen tree branches are blocking a path in the park on Hillcrest Road every evening this week.,Parks & Public Spaces,Parks & Public Spaces::7
There's a water main leak on Hillcrest Road that's been flooding the street every evening this week.,Water & Utilities,Water & Utilities::0
Fallen tree branches are blocking a path in the park on Elm Street for the past three days.,Parks & Public Spaces,Parks & Public Spaces::7
"Loud construction work on Oak Lane has been going on last night, well outside permitted hours.",Noise Complaints,Noise Complaints::0
There's a water main leak on Park Road that's been flooding the street for the past three days.,Water & Utilities,Water & Utilities::0
Litter bins in the park on Cedar Street are missing or broken for two weeks now.,Parks & Public Spaces,Parks & Public Spaces::10
"Loud construction work on Church Road has been going on yesterday afternoon, well outside permitted hours.",Noise Complaints,Noise Complaints::0
A burst pipe on Union Street is spraying water onto the road over the weekend.,Water & Utilities,Water & Utilities::7
A bar on Elm Street has had excessively loud events this past hour.,Noise Complaints,Noise Complaints::3
The emergency call box on 5th Avenue appears to be non-functional every evening this week.,Public Safety,Public Safety::13
The basketball court near Station Road has large cracks in the surface this past hour.,Parks & Public Spaces,Parks & Public Spaces::8
"There have been reports of break-ins near Park Road for the past three days, residents want more patrols.",Public Safety,Public Safety::9
"A neighbor's renovation work on Church Road started very early for two weeks now, before permitted hours.",Noise Complaints,Noise Complaints::8
"We've had no electricity on Elm Street yesterday afternoon, please send a crew.",Water & Utilities,Water & Utilities::1
The gas meter box on Market Street appears damaged every evening this week.,Water & Utilities,Water & Utilities::13
A restaurant's outdoor speakers on Market Street are far too loud for the past three days.,Noise Complaints,Noise Complaints::11
The public restrooms at the park on Highfield Ave have been out of service every evening this week.,Parks & Public Spaces,Parks & Public Spaces::2
Continuous drilling noise from Elm Street this past hour has been reported by several residents.,Noise Complaints,Noise Complaints::12
"We've had no electricity on Maple Avenue for two weeks now, please send a crew.",Water & Utilities,Water & Utilities::1
"Suspicious activity has been reported near 5th Avenue last night, requesting a patrol.",Public Safety,Public Safety::2
A dangerously leaning tree on Main St looks like it could fall for the past three days.,Public Safety,Public Safety::11
Motorbikes revving their engines on Market Street every evening this week are extremely disruptive.,Noise Complaints,Noise Complaints::7
Water discoloration from the tap has been reported by residents on Highfield Ave over the weekend.,Water & Utilities,Water & Utilities::6
The recycling bins on Cedar Street haven't been emptied over the weekend.,Sanitation & Waste,Sanitation & Waste::2
A dead animal has been left uncollected on Lakeview Drive every evening this week.,Sanitation & Waste,Sanitation & Waste::5
Roadworks on Park Road have left an unmarked hole in the pavement for the past three days.,Traffic & Roads,Traffic & Roads::16
"The street sweeper hasn't come through Highfield Ave this past hour, leaves and debris are piling up.",Sanitation & Waste,Sanitation & Waste::15
Overgrown grass and weeds at the park near Park Road need to be cut this past hour.,Parks & Public Spaces,Parks & Public Spaces::3
"The one-way sign on Hillcrest Road is bent and hard to read for the past three days, causing wrong-way driving.",Traffic & Roads,Traffic & Roads::17
A dangerously leaning tree on Riverside Drive looks like it could fall this morning.,Public Safety,Public Safety::11
A house party on Union Street this morning has loud music going well past midnight.,Noise Complaints,Noise Complaints::13
"An unsecured construction site on Church Road has been left open this past hour, kids could wander in.",Public Safety,Public Safety::10
"The one-way sign on Oak Lane is bent and hard to read every evening this week, causing wrong-way driving.",Traffic & Roads,Traffic & Roads::17
The compost bins provided on Highfield Ave are broken and leaking this past hour.,Sanitation & Waste,Sanitation & Waste::13
"The one-way sign on Main St is bent and hard to read over the weekend, causing wrong-way driving.",Traffic & Roads,Traffic & Roads::17
The swings at the playground on Lakeview Drive are rusted and need replacing yesterday afternoon.,Parks & Public Spaces,Parks & Public Spaces::11
The crosswalk markings on Park Road have faded and are barely visible yesterday afternoon.,Traffic & Roads,Traffic & Roads::7
A bench in the park on Cedar Street is damaged and unsafe to sit on this morning.,Parks & Public Spaces,Parks & Public Spaces::4
"Suspicious activity has been reported near Oak Lane every evening this week, requesting a patrol.",Public Safety,Public Safety::2
"Someone has been loitering near the school on Station Road every evening this week, parents are concerned.",Public Safety,Public Safety::7
Low water pressure has been reported on Station Road every evening this week.,Water & Utilities,Water & Utilities::2
"The garbage truck skipped our block on Station Road yesterday afternoon, can someone come by?",Sanitation & Waste,Sanitation & Waste::9
Loudspeakers from an event on Cedar Street can be heard blocks away this morning.,Noise Complaints,Noise Complaints::9
The water on Lakeview Drive has been shut off every evening this week without any prior notice.,Water & Utilities,Water & Utilities::11
A bench in the park on Union Street is damaged and unsafe to sit on this morning.,Parks & Public Spaces,Parks & Public Spaces::4
Loose electrical wiring has been spotted hanging near Maple Avenue over the weekend.,Public Safety,Public Safety::6
The public trash cans on Park Road are overflowing last night and attracting pests.,Sanitation & Waste,Sanitation & Waste::6
"An open manhole cover on Main St has been left uncovered this past hour, it's a serious hazard.",Water & Utilities,Water & Utilities::15
There's a huge traffic jam on Oak Lane yesterday afternoon because of a broken-down vehicle.,Traffic & Roads,Traffic & Roads::13
There's a water main leak on 5th Avenue that's been flooding the street since Monday.,Water & Utilities,Water & Utilities::0
A sewage smell is coming from a manhole on Station Road over the weekend.,Water & Utilities,Water & Utilities::3
"Someone burned trash illegally near Church Road this morning, leaving ash everywhere.",Sanitation & Waste,Sanitation & Waste::14
An unleashed aggressive dog has been reported at the park on Maple Avenue this morning.,Parks & Public Spaces,Parks & Public Spaces::12
A dead animal has been left uncollected on Park Road this morning.,Sanitation & Waste,Sanitation & Waste::5
Flies are swarming around a garbage pile on Station Road this morning.,Sanitation & Waste,Sanitation & Waste::12
Household waste has been dumped on the sidewalk of Market Street yesterday afternoon.,Sanitation & Waste,Sanitation & Waste::7
An unleashed aggressive dog has been reported at the park on Highfield Ave over the weekend.,Parks & Public Spaces,Parks & Public Spaces::12
Yard waste hasn't been picked up on Church Road this past hour despite being scheduled.,Sanitation & Waste,Sanitation & Waste::11
Household waste has been dumped on the sidewalk of Maple Avenue last night.,Sanitation & Waste,Sanitation & Waste::7
Cars are parking illegally on Riverside Drive and blocking the bike lane over the weekend.,Traffic & Roads,Traffic & Roads::2
The traffic light at the corner of Riverside Drive has been stuck on red this morning.,Traffic & Roads,Traffic & Roads::1
There's a bad smell coming from an uncollected dumpster on Hillcrest Road this morning.,Sanitation & Waste,Sanitation & Waste::3
Broken glass has been found near the playground on Park Road this morning.,Parks & Public Spaces,Parks & Public Spaces::5
"There have been reports of break-ins near Highfield Ave for two weeks now, residents want more patrols.",Public Safety,Public Safety::9
Flies are swarming around a garbage pile on Maple Avenue this morning.,Sanitation & Waste,Sanitation & Waste::12
The crosswalk markings on Church Road have faded and are barely visible last night.,Traffic & Roads,Traffic & Roads::7
A pothole the size of a dinner plate has appeared on 5th Avenue this past hour.,Traffic & Roads,Traffic & Roads::10
A house party on 5th Avenue this past hour has loud music going well past midnight.,Noise Complaints,Noise Complaints::13
There's a huge traffic jam on Riverside Drive last night because of a broken-down vehicle.,Traffic & Roads,Traffic & Roads::13
"There have been reports of break-ins near Main St since Monday, residents want more patrols.",Public Safety,Public Safety::9
The power keeps flickering on and off on Maple Avenue yesterday afternoon.,Water & Utilities,Water & Utilities::8
There's constant dog barking from a property on Church Road every evening this week.,Noise Complaints,Noise Complaints::2
"The street sweeper hasn't come through Station Road every evening this week, leaves and debris are piling up.",Sanitation & Waste,Sanitation & Waste::15
A restaurant's outdoor speakers on Station Road are far too loud since Monday.,Noise Complaints,Noise Complaints::11
"A fallen power line is dangling near Lakeview Drive for two weeks now, it looks dangerous.",Water & Utilities,Water & Utilities::10
A stop sign near Riverside Drive was knocked down this past hour and hasn't been replaced.,Traffic & Roads,Traffic & Roads::6
"Please fix the sinkhole that opened up on Riverside Drive for the past three days, cars are swerving around it.",Traffic & Roads,Traffic & Roads::19
Broken glass has been found near the playground on 5th Avenue for two weeks now.,Parks & Public Spaces,Parks & Public Spaces::5
"We've had no electricity on Market Street this past hour, please send a crew.",Water & Utilities,Water & Utilities::1
"There's been a total blackout on Market Street for two weeks now, residents are asking when it'll be fixed.",Water & Utilities,Water & Utilities::9
Recyclables are being mixed with regular trash by collectors on Hillcrest Road yesterday afternoon.,Sanitation & Waste,Sanitation & Waste::17
The traffic light at the corner of Oak Lane has been stuck on red for two weeks now.,Traffic & Roads,Traffic & Roads::1
Car alarms keep going off on 5th Avenue for two weeks now without anyone responding.,Noise Complaints,Noise Complaints::4
The swings at the playground on 5th Avenue are rusted and need replacing this past hour.,Parks & Public Spaces,Parks & Public Spaces::11
The water on Cedar Street has been shut off this past hour without any prior notice.,Water & Utilities,Water & Utilities::11
"Fireworks have been set off repeatedly near Hillcrest Road this morning, disturbing residents.",Noise Complaints,Noise Complaints::10
A stop sign near Cedar Street was knocked down every evening this week and hasn't been replaced.,Traffic & Roads,Traffic & Roads::6
"Drivers are running the red light on Church Road for two weeks now, it's an accident waiting to happen.",Traffic & Roads,Traffic & Roads::11
"Traffic congestion on Market Street has gotten much worse for two weeks now, please review the signal timing.",Traffic & Roads,Traffic & Roads::5
The community garden near Church Road has been vandalized yesterday afternoon.,Parks & Public Spaces,Parks & Public Spaces::13
Residents on Oak Lane report the tap water smells strange every evening this week.,Water & Utilities,Water & Utilities::14
"Loud construction work on Park Road has been going on since Monday, well outside permitted hours.",Noise Complaints,Noise Complaints::0
"A neighbor's renovation work on Cedar Street started very early for the past three days, before permitted hours.",Noise Complaints,Noise Complaints::8
There's a large pothole on Station Road that's been damaging cars last night.,Traffic & Roads,Traffic & Roads::0
The emergency call box on Oak Lane appears to be non-functional since Monday.,Public Safety,Public Safety::13
The power keeps flickering on and off on Hillcrest Road since Monday.,Water & Utilities,Water & Utilities::8
"Speeding cars on Maple Avenue are a serious hazard this past hour, we need a speed bump.",Traffic & Roads,Traffic & Roads::8
"A fallen power line is dangling near Maple Avenue since Monday, it looks dangerous.",Water & Utilities,Water & Utilities::10
"There's a gas smell near Riverside Drive for the past three days, this may need urgent attention.",Water & Utilities,Water & Utilities::5
"A streetlamp on Elm Street has been flickering and going dark for the past three days, it feels unsafe at night.",Public Safety,Public Safety::0
Rats have been spotted near the uncollected trash on Church Road yesterday afternoon.,Sanitation & Waste,Sanitation & Waste::8
Water discoloration from the tap has been reported by residents on Market Street since Monday.,Water & Utilities,Water & Utilities::6
The crosswalk markings on Hillcrest Road have faded and are barely visible yesterday afternoon.,Traffic & Roads,Traffic & Roads::7
There's constant dog barking from a property on Cedar Street over the weekend.,Noise Complaints,Noise Complaints::2
A sewage smell is coming from a manhole on Highfield Ave yesterday afternoon.,Water & Utilities,Water & Utilities::3
Broken glass has been found near the playground on Cedar Street for two weeks now.,Parks & Public Spaces,Parks & Public Spaces::5
Overgrown grass and weeds at the park near Main St need to be cut this past hour.,Parks & Public Spaces,Parks & Public Spaces::3
"Park lighting near Hillcrest Road has stopped working this morning, it's dark and unsafe in the evenings.",Parks & Public Spaces,Parks & Public Spaces::9
A burst pipe on Elm Street is spraying water onto the road for the past three days.,Water & Utilities,Water & Utilities::7
"Suspicious activity has been reported near Park Road yesterday afternoon, requesting a patrol.",Public Safety,Public Safety::2
"The sidewalk on Main St is cracked and uneven yesterday afternoon, a real trip hazard.",Public Safety,Public Safety::4
The public water fountain in the park near Elm Street isn't working for the past three days.,Parks & Public Spaces,Parks & Public Spaces::6
A restaurant's outdoor speakers on Station Road are far too loud for two weeks now.,Noise Complaints,Noise Complaints::11
The basketball court near Station Road has large cracks in the surface for the past three days.,Parks & Public Spaces,Parks & Public Spaces::8
A burst pipe on Station Road is spraying water onto the road for the past three days.,Water & Utilities,Water & Utilities::7
"An unsecured construction site on Hillcrest Road has been left open yesterday afternoon, kids could wander in.",Public Safety,Public Safety::10
"An open manhole cover on Park Road has been left uncovered this morning, it's a serious hazard.",Water & Utilities,Water & Utilities::15
A burst pipe on Oak Lane is spraying water onto the road since Monday.,Water & Utilities,Water & Utilities::7
"A fire hydrant on Riverside Drive is leaking continuously for two weeks now, wasting a lot of water.",Water & Utilities,Water & Utilities::12
"The garbage truck skipped our block on Lakeview Drive this morning, can someone come by?",Sanitation & Waste,Sanitation & Waste::9
Car alarms keep going off on Highfield Ave this morning without anyone responding.,Noise Complaints,Noise Complaints::4
The swings at the playground on 5th Avenue are rusted and need replacing over the weekend.,Parks & Public Spaces,Parks & Public Spaces::11
A stop sign near Market Street was knocked down this past hour and hasn't been replaced.,Traffic & Roads,Traffic & Roads::6
The public trash cans on Union Street are overflowing for two weeks now and attracting pests.,Sanitation & Waste,Sanitation & Waste::6
The public trash cans on Church Road are overflowing over the weekend and attracting pests.,Sanitation & Waste,Sanitation & Waste::6
Low water pressure has been reported on Riverside Drive last night.,Water & Utilities,Water & Utilities::2
"Street signage near Riverside Drive is missing, causing confusion for drivers every evening this week.",Traffic & Roads,Traffic & Roads::4
The recycling bins on Park Road haven't been emptied yesterday afternoon.,Sanitation & Waste,Sanitation & Waste::2
Water discoloration from the tap has been reported by residents on Church Road yesterday afternoon.,Water & Utilities,Water & Utilities::6
"A fire hydrant on Elm Street is leaking continuously yesterday afternoon, wasting a lot of water.",Water & Utilities,Water & Utilities::12
Low water pressure has been reported on Union Street over the weekend.,Water & Utilities,Water & Utilities::2
"Loud construction work on Main St has been going on for the past three days, well outside permitted hours.",Noise Complaints,Noise Complaints::0
Car alarms keep going off on Union Street last night without anyone responding.,Noise Complaints,Noise Complaints::4
The power keeps flickering on and off on Union Street for the past three days.,Water & Utilities,Water & Utilities::8
"The road on Cedar Street is badly flooded this past hour, it's not passable.",Traffic & Roads,Traffic & Roads::3
A sewage smell is coming from a manhole on Main St since Monday.,Water & Utilities,Water & Utilities::3
"The sidewalk on Oak Lane is cracked and uneven this morning, a real trip hazard.",Public Safety,Public Safety::4
"There's an abandoned building on Station Road with a broken fence, unsafe for two weeks now.",Public Safety,Public Safety::1
There's constant dog barking from a property on Park Road for the past three days.,Noise Complaints,Noise Complaints::2
Flies are swarming around a garbage pile on Cedar Street this past hour.,Sanitation & Waste,Sanitation & Waste::12
Fallen tree branches are blocking a path in the park on 5th Avenue since Monday.,Parks & Public Spaces,Parks & Public Spaces::7
The public water fountain in the park near Market Street isn't working this past hour.,Parks & Public Spaces,Parks & Public Spaces::6
The basketball court near Market Street has large cracks in the surface this morning.,Parks & Public Spaces,Parks & Public Spaces::8
Residents on Park Road report the tap water smells strange this morning.,Water & Utilities,Water & Utilities::14
Fallen tree branches are blocking a path in the park on Oak Lane this past hour.,Parks & Public Spaces,Parks & Public Spaces::7
The playground equipment at the park on 5th Avenue is broken for two weeks now.,Parks & Public Spaces,Parks & Public Spaces::0
There's no working smoke detector reported in the shared stairwell on Hillcrest Road yesterday afternoon.,Public Safety,Public Safety::14
A burst pipe on Lakeview Drive is spraying water onto the road over the weekend.,Water & Utilities,Water & Utilities::7
Broken glass has been scattered on the pavement of Lakeview Drive this morning.,Public Safety,Public Safety::12
There's constant dog barking from a property on Maple Avenue yesterday afternoon.,Noise Complaints,Noise Complaints::2
Yard waste hasn't been picked up on Park Road for two weeks now despite being scheduled.,Sanitation & Waste,Sanitation & Waste::11
"There's a gas smell near 5th Avenue this morning, this may need urgent attention.",Water & Utilities,Water & Utilities::5
A stop sign near Highfield Ave was knocked down for the past three days and hasn't been replaced.,Traffic & Roads,Traffic & Roads::6
There's a large pothole on Oak Lane that's been damaging cars over the weekend.,Traffic & Roads,Traffic & Roads::0
"There's been a total blackout on Cedar Street for two weeks now, residents are asking when it'll be fixed.",Water & Utilities,Water & Utilities::9
The playground equipment at the park on Market Street is broken over the weekend.,Parks & Public Spaces,Parks & Public Spaces::0
"A neighbor's renovation work on Highfield Ave started very early last night, before permitted hours.",Noise Complaints,Noise Complaints::8
Litter bins in the park on Hillcrest Road are missing or broken every evening this week.,Parks & Public Spaces,Parks & Public Spaces::10
Motorbikes revving their engines on Riverside Drive for two weeks now are extremely disruptive.,Noise Complaints,Noise Complaints::7
Loud generator noise from a property on Highfield Ave has continued yesterday afternoon.,Noise Complaints,Noise Complaints::6
Fallen tree branches are blocking a path in the park on Cedar Street this past hour.,Parks & Public Spaces,Parks & Public Spaces::7
"Speeding cars on Main St are a serious hazard this morning, we need a speed bump.",Traffic & Roads,Traffic & Roads::8
Broken glass has been found near the playground on Station Road over the weekend.,Parks & Public Spaces,Parks & Public Spaces::5
Rats have been spotted near the uncollected trash on Main St for two weeks now.,Sanitation & Waste,Sanitation & Waste::8
"An unsecured construction site on Cedar Street has been left open this morning, kids could wander in.",Public Safety,Public Safety::10
"Drivers are running the red light on Hillcrest Road for the past three days, it's an accident waiting to happen.",Traffic & Roads,Traffic & Roads::11
"There's an abandoned building on Church Road with a broken fence, unsafe this morning.",Public Safety,Public Safety::1
A restaurant's outdoor speakers on Market Street are far too loud yesterday afternoon.,Noise Complaints,Noise Complaints::11
A fire hydrant on Highfield Ave appears damaged for two weeks now and may not work in an emergency.,Public Safety,Public Safety::3
"There's a gas smell near Park Road this past hour, this may need urgent attention.",Water & Utilities,Water & Utilities::5
Loose electrical wiring has been spotted hanging near Church Road yesterday afternoon.,Public Safety,Public Safety::6
The recycling bins on Oak Lane haven't been emptied for the past three days.,Sanitation & Waste,Sanitation & Waste::2
An unleashed aggressive dog has been reported at the park on Cedar Street since Monday.,Parks & Public Spaces,Parks & Public Spaces::12
Litter bins in the park on Highfield Ave are missing or broken every evening this week.,Parks & Public Spaces,Parks & Public Spaces::10
"A neighbor on Park Road has been playing loud music yesterday afternoon, disturbing the whole block.",Noise Complaints,Noise Complaints::1
A dangerously leaning tree on 5th Avenue looks like it could fall every evening this week.,Public Safety,Public Safety::11
"The sidewalk on Union Street is cracked and uneven every evening this week, a real trip hazard.",Public Safety,Public Safety::4
The crosswalk markings on Main St have faded and are barely visible since Monday.,Traffic & Roads,Traffic & Roads::7
Household waste has been dumped on the sidewalk of Union Street every evening this week.,Sanitation & Waste,Sanitation & Waste::7
"There have been reports of break-ins near Church Road for two weeks now, residents want more patrols.",Public Safety,Public Safety::9
A restaurant's outdoor speakers on Union Street are far too loud over the weekend.,Noise Complaints,Noise Complaints::11
Residents on Highfield Ave report the tap water smells strange since Monday.,Water & Utilities,Water & Utilities::14
The compost bins provided on Station Road are broken and leaking this past hour.,Sanitation & Waste,Sanitation & Waste::13
The community garden near Riverside Drive has been vandalized since Monday.,Parks & Public Spaces,Parks & Public Spaces::13
Car alarms keep going off on Cedar Street every evening this week without anyone responding.,Noise Complaints,Noise Complaints::4
Residents on Union Street report the tap water smells strange every evening this week.,Water & Utilities,Water & Utilities::14
"The garbage truck skipped our block on Highfield Ave for the past three days, can someone come by?",Sanitation & Waste,Sanitation & Waste::9
The streetlights on Main St have been out over the weekend.,Water & Utilities,Water & Utilities::4
The gas meter box on 5th Avenue appears damaged this past hour.,Water & Utilities,Water & Utilities::13
There's no working smoke detector reported in the shared stairwell on Church Road for two weeks now.,Public Safety,Public Safety::14
The public restrooms at the park on Maple Avenue have been out of service every evening this week.,Parks & Public Spaces,Parks & Public Spaces::2
There's a huge traffic jam on Oak Lane every evening this week because of a broken-down vehicle.,Traffic & Roads,Traffic & Roads::13
The swings at the playground on Elm Street are rusted and need replacing last night.,Parks & Public Spaces,Parks & Public Spaces::11
"The garbage truck skipped our block on Highfield Ave over the weekend, can someone come by?",Sanitation & Waste,Sanitation & Waste::9
Litter bins in the park on Lakeview Drive are missing or broken since Monday.,Parks & Public Spaces,Parks & Public Spaces::10
The road markings/lane lines on Cedar Street have completely worn away over the weekend.,Traffic & Roads,Traffic & Roads::12
Roadworks on Station Road have left an unmarked hole in the pavement every evening this week.,Traffic & Roads,Traffic & Roads::16
A guard rail near Hillcrest Road is broken yesterday afternoon and needs urgent repair.,Public Safety,Public Safety::5
The public restrooms at the park on Highfield Ave have been out of service for two weeks now.,Parks & Public Spaces,Parks & Public Spaces::2
"Speeding cars on Oak Lane are a serious hazard yesterday afternoon, we need a speed bump.",Traffic & Roads,Traffic & Roads::8
There's a bad smell coming from an uncollected dumpster on Church Road since Monday.,Sanitation & Waste,Sanitation & Waste::3
"Traffic congestion on Station Road has gotten much worse for two weeks now, please review the signal timing.",Traffic & Roads,Traffic & Roads::5
The playground equipment at the park on Maple Avenue is broken last night.,Parks & Public Spaces,Parks & Public Spaces::0
"Someone burned trash illegally near Oak Lane yesterday afternoon, leaving ash everywhere.",Sanitation & Waste,Sanitation & Waste::14
Recyclables are being mixed with regular trash by collectors on 5th Avenue for the past three days.,Sanitation & Waste,Sanitation & Waste::17
Fallen tree branches are blocking a path in the park on Cedar Street since Monday.,Parks & Public Spaces,Parks & Public Spaces::7
The gas meter box on 5th Avenue appears damaged last night.,Water & Utilities,Water & Utilities::13
Heavy trucks are damaging the road surface on Highfield Ave for the past three days.,Traffic & Roads,Traffic & Roads::18
The public trash cans on Church Road are overflowing for two weeks now and attracting pests.,Sanitation & Waste,Sanitation & Waste::6
"Please fix the sinkhole that opened up on Main St this past hour, cars are swerving around it.",Traffic & Roads,Traffic & Roads::19
"Someone has been loitering near the school on Church Road last night, parents are concerned.",Public Safety,Public Safety::7
The gas meter box on Union Street appears damaged for the past three days.,Water & Utilities,Water & Utilities::13
There's a large pothole on Lakeview Drive that's been damaging cars this past hour.,Traffic & Roads,Traffic & Roads::0
"A neighbor's renovation work on Church Road started very early this past hour, before permitted hours.",Noise Complaints,Noise Complaints::8
"An open manhole cover on Highfield Ave has been left uncovered yesterday afternoon, it's a serious hazard.",Water & Utilities,Water & Utilities::15
The electricity substation near 5th Avenue has been making loud buzzing noises last night.,Water & Utilities,Water & Utilities::16
There's a huge traffic jam on Lakeview Drive for the past three days because of a broken-down vehicle.,Traffic & Roads,Traffic & Roads::13
A dead animal has been left uncollected on Park Road last night.,Sanitation & Waste,Sanitation & Waste::5
"Litter has been piling up along Union Street yesterday afternoon, it needs a cleanup crew.",Sanitation & Waste,Sanitation & Waste::4
A gate at the construction site on Station Road has been left unlocked every evening this week.,Public Safety,Public Safety::15
"An unsecured construction site on Hillcrest Road has been left open for the past three days, kids could wander in.",Public Safety,Public Safety::10
The traffic light at the corner of 5th Avenue has been stuck on red for two weeks now.,Traffic & Roads,Traffic & Roads::1
"There have been reports of break-ins near Station Road this past hour, residents want more patrols.",Public Safety,Public Safety::9
Loose electrical wiring has been spotted hanging near Oak Lane yesterday afternoon.,Public Safety,Public Safety::6
A dangerously leaning tree on 5th Avenue looks like it could fall for two weeks now.,Public Safety,Public Safety::11
A broken guardrail on the bridge near 5th Avenue needs urgent road repair this morning.,Traffic & Roads,Traffic & Roads::15
A dangerously leaning tree on Park Road looks like it could fall for two weeks now.,Public Safety,Public Safety::11
Cars are parking illegally on Lakeview Drive and blocking the bike lane last night.,Traffic & Roads,Traffic & Roads::2
There's a water main leak on Park Road that's been flooding the street this past hour.,Water & Utilities,Water & Utilities::0
"The one-way sign on Hillcrest Road is bent and hard to read this past hour, causing wrong-way driving.",Traffic & Roads,Traffic & Roads::17
Overgrown grass and weeds at the park near Riverside Drive need to be cut last night.,Parks & Public Spaces,Parks & Public Spaces::3
There's a water main leak on Highfield Ave that's been flooding the street for two weeks now.,Water & Utilities,Water & Utilities::0
Loose electrical wiring has been spotted hanging near Church Road for two weeks now.,Public Safety,Public Safety::6
"Traffic congestion on Elm Street has gotten much worse over the weekend, please review the signal timing.",Traffic & Roads,Traffic & Roads::5
A dangerously leaning tree on Riverside Drive looks like it could fall for two weeks now.,Public Safety,Public Safety::11
A sewage smell is coming from a manhole on Oak Lane this morning.,Water & Utilities,Water & Utilities::3
The gas meter box on Lakeview Drive appears damaged for the past three days.,Water & Utilities,Water & Utilities::13
Roadworks on Hillcrest Road have left an unmarked hole in the pavement for the past three days.,Traffic & Roads,Traffic & Roads::16
The power keeps flickering on and off on Cedar Street for the past three days.,Water & Utilities,Water & Utilities::8
The public restrooms at the park on Station Road have been out of service over the weekend.,Parks & Public Spaces,Parks & Public Spaces::2
"There's an abandoned building on Cedar Street with a broken fence, unsafe yesterday afternoon.",Public Safety,Public Safety::1
"The garbage truck skipped our block on Cedar Street over the weekend, can someone come by?",Sanitation & Waste,Sanitation & Waste::9
Continuous drilling noise from Lakeview Drive over the weekend has been reported by several residents.,Noise Complaints,Noise Complaints::12
"Loud construction work on Elm Street has been going on every evening this week, well outside permitted hours.",Noise Complaints,Noise Complaints::0
"We've had no electricity on Lakeview Drive over the weekend, please send a crew.",Water & Utilities,Water & Utilities::1
The gas meter box on Union Street appears damaged yesterday afternoon.,Water & Utilities,Water & Utilities::13
"The pavement is cracked and uneven on Union Street over the weekend, cyclists keep swerving to avoid it.",Traffic & Roads,Traffic & Roads::9
Late-night parties on Church Road this morning are keeping residents awake.,Noise Complaints,Noise Complaints::5
The emergency call box on Station Road appears to be non-functional yesterday afternoon.,Public Safety,Public Safety::13
"The road on Cedar Street is badly flooded for two weeks now, it's not passable.",Traffic & Roads,Traffic & Roads::3
Heavy trucks are damaging the road surface on 5th Avenue last night.,Traffic & Roads,Traffic & Roads::18
"The street sweeper hasn't come through Park Road this past hour, leaves and debris are piling up.",Sanitation & Waste,Sanitation & Waste::15
Someone has been illegally dumping construction waste near Oak Lane for the past three days.,Sanitation & Waste,Sanitation & Waste::1
The power keeps flickering on and off on Union Street this morning.,Water & Utilities,Water & Utilities::8
A gate at the construction site on Market Street has been left unlocked yesterday afternoon.,Public Safety,Public Safety::15
A stop sign near Hillcrest Road was knocked down over the weekend and hasn't been replaced.,Traffic & Roads,Traffic & Roads::6
The recycling bins on Union Street haven't been emptied since Monday.,Sanitation & Waste,Sanitation & Waste::2
A fire hydrant on Highfield Ave appears damaged this past hour and may not work in an emergency.,Public Safety,Public Safety::3
A dangerously leaning tree on Main St looks like it could fall over the weekend.,Public Safety,Public Safety::11
"Someone burned trash illegally near Elm Street over the weekend, leaving ash everywhere.",Sanitation & Waste,Sanitation & Waste::14
A bench in the park on Riverside Drive is damaged and unsafe to sit on last night.,Parks & Public Spaces,Parks & Public Spaces::4
"A neighbor on 5th Avenue has been playing loud music over the weekend, disturbing the whole block.",Noise Complaints,Noise Complaints::1
Motorbikes revving their engines on Riverside Drive over the weekend are extremely disruptive.,Noise Complaints,Noise Complaints::7
The community garden near Church Road has been vandalized this past hour.,Parks & Public Spaces,Parks & Public Spaces::13
"An unsecured construction site on Union Street has been left open over the weekend, kids could wander in.",Public Safety,Public Safety::10
"An unsecured construction site on 5th Avenue has been left open for the past three days, kids could wander in.",Public Safety,Public Safety::10
"The garbage truck skipped our block on Park Road since Monday, can someone come by?",Sanitation & Waste,Sanitation & Waste::9
"Loud construction work on Cedar Street has been going on for two weeks now, well outside permitted hours.",Noise Complaints,Noise Complaints::0
The water on Main St has been shut off for two weeks now without any prior notice.,Water & Utilities,Water & Utilities::11
The compost bins provided on Lakeview Drive are broken and leaking this past hour.,Sanitation & Waste,Sanitation & Waste::13
"Someone burned trash illegally near Church Road every evening this week, leaving ash everywhere.",Sanitation & Waste,Sanitation & Waste::14
Park signage near Station Road listing opening hours is faded and unreadable this morning.,Parks & Public Spaces,Parks & Public Spaces::14
A bench in the park on Church Road is damaged and unsafe to sit on since Monday.,Parks & Public Spaces,Parks & Public Spaces::4
The crosswalk markings on Lakeview Drive have faded and are barely visible since Monday.,Traffic & Roads,Traffic & Roads::7
A pothole the size of a dinner plate has appeared on Maple Avenue every evening this week.,Traffic & Roads,Traffic & Roads::10
A restaurant's outdoor speakers on Elm Street are far too loud for two weeks now.,Noise Complaints,Noise Complaints::11
"A neighbor's renovation work on Highfield Ave started very early this past hour, before permitted hours.",Noise Complaints,Noise Complaints::8
The traffic light at the corner of Main St has been stuck on red yesterday afternoon.,Traffic & Roads,Traffic & Roads::1
A stop sign near Cedar Street was knocked down over the weekend and hasn't been replaced.,Traffic & Roads,Traffic & Roads::6
Litter bins in the park on Highfield Ave are missing or broken since Monday.,Parks & Public Spaces,Parks & Public Spaces::10
The pedestrian crossing button on Hillcrest Road isn't working this past hour.,Traffic & Roads,Traffic & Roads::14
There's no working smoke detector reported in the shared stairwell on Elm Street for the past three days.,Public Safety,Public Safety::14
"The one-way sign on Station Road is bent and hard to read for the past three days, causing wrong-way driving.",Traffic & Roads,Traffic & Roads::17
"An open manhole cover on Maple Avenue has been left uncovered every evening this week, it's a serious hazard.",Water & Utilities,Water & Utilities::15
"There have been reports of break-ins near 5th Avenue for two weeks now, residents want more patrols.",Public Safety,Public Safety::9
The public water fountain in the park near Highfield Ave isn't working for two weeks now.,Parks & Public Spaces,Parks & Public Spaces::6
Overgrown grass and weeds at the park near Oak Lane need to be cut yesterday afternoon.,Parks & Public Spaces,Parks & Public Spaces::3
"An unsecured construction site on 5th Avenue has been left open over the weekend, kids could wander in.",Public Safety,Public Safety::10
"The sidewalk on Lakeview Drive is cracked and uneven last night, a real trip hazard.",Public Safety,Public Safety::4
There's a large pothole on 5th Avenue that's been damaging cars since Monday.,Traffic & Roads,Traffic & Roads::0
A pothole the size of a dinner plate has appeared on Park Road for the past three days.,Traffic & Roads,Traffic & Roads::10
"A neighbor's renovation work on Park Road started very early over the weekend, before permitted hours.",Noise Complaints,Noise Complaints::8
There's a huge traffic jam on Lakeview Drive last night because of a broken-down vehicle.,Traffic & Roads,Traffic & Roads::13
"The road on Oak Lane is badly flooded for the past three days, it's not passable.",Traffic & Roads,Traffic & Roads::3
The streetlights on Maple Avenue have been out every evening this week.,Water & Utilities,Water & Utilities::4
The public trash cans on Elm Street are overflowing for two weeks now and attracting pests.,Sanitation & Waste,Sanitation & Waste::6
The swings at the playground on Station Road are rusted and need replacing since Monday.,Parks & Public Spaces,Parks & Public Spaces::11
"Suspicious activity has been reported near Highfield Ave for the past three days, requesting a patrol.",Public Safety,Public Safety::2
"A neighbor's renovation work on Maple Avenue started very early this morning, before permitted hours.",Noise Complaints,Noise Complaints::8
A dangerously leaning tree on Park Road looks like it could fall over the weekend.,Public Safety,Public Safety::11
"Someone burned trash illegally near Station Road yesterday afternoon, leaving ash everywhere.",Sanitation & Waste,Sanitation & Waste::14
Motorbikes revving their engines on Main St last night are extremely disruptive.,Noise Complaints,Noise Complaints::7
"There have been reports of break-ins near Church Road this morning, residents want more patrols.",Public Safety,Public Safety::9
The compost bins provided on Hillcrest Road are broken and leaking over the weekend.,Sanitation & Waste,Sanitation & Waste::13
A restaurant's outdoor speakers on Station Road are far too loud for the past three days.,Noise Complaints,Noise Complaints::11
The swings at the playground on Main St are rusted and need replacing for two weeks now.,Parks & Public Spaces,Parks & Public Spaces::11
Motorbikes revving their engines on Park Road this morning are extremely disruptive.,Noise Complaints,Noise Complaints::7
Recyclables are being mixed with regular trash by collectors on Main St this past hour.,Sanitation & Waste,Sanitation & Waste::17
The power keeps flickering on and off on Main St over the weekend.,Water & Utilities,Water & Utilities::8
Residents on 5th Avenue report the tap water smells strange for the past three days.,Water & Utilities,Water & Utilities::14
"Suspicious activity has been reported near Cedar Street for two weeks now, requesting a patrol.",Public Safety,Public Safety::2
"Please fix the sinkhole that opened up on Park Road this morning, cars are swerving around it.",Traffic & Roads,Traffic & Roads::19
Cars are parking illegally on Lakeview Drive and blocking the bike lane for two weeks now.,Traffic & Roads,Traffic & Roads::2
The streetlights on 5th Avenue have been out every evening this week.,Water & Utilities,Water & Utilities::4
There's an old mattress and broken furniture dumped on Park Road every evening this week.,Sanitation & Waste,Sanitation & Waste::10
There's a water main leak on Oak Lane that's been flooding the street every evening this week.,Water & Utilities,Water & Utilities::0
A dangerously leaning tree on Oak Lane looks like it could fall yesterday afternoon.,Public Safety,Public Safety::11
A gate at the construction site on Lakeview Drive has been left unlocked this past hour.,Public Safety,Public Safety::15
Flies are swarming around a garbage pile on Elm Street since Monday.,Sanitation & Waste,Sanitation & Waste::12
A fire hydrant on Park Road appears damaged yesterday afternoon and may not work in an emergency.,Public Safety,Public Safety::3
Fallen tree branches are blocking a path in the park on Riverside Drive since Monday.,Parks & Public Spaces,Parks & Public Spaces::7
Continuous drilling noise from Oak Lane last night has been reported by several residents.,Noise Complaints,Noise Complaints::12
The electricity substation near Union Street has been making loud buzzing noises this morning.,Water & Utilities,Water & Utilities::16
Park signage near Station Road listing opening hours is faded and unreadable every evening this week.,Parks & Public Spaces,Parks & Public Spaces::14
Heavy trucks are damaging the road surface on Park Road this morning.,Traffic & Roads,Traffic & Roads::18
There's an old mattress and broken furniture dumped on Union Street since Monday.,Sanitation & Waste,Sanitation & Waste::10
"The road on Church Road is badly flooded every evening this week, it's not passable.",Traffic & Roads,Traffic & Roads::3
A sewage smell is coming from a manhole on Union Street yesterday afternoon.,Water & Utilities,Water & Utilities::3
A dead animal has been left uncollected on Main St every evening this week.,Sanitation & Waste,Sanitation & Waste::5
Late-night parties on Park Road this morning are keeping residents awake.,Noise Complaints,Noise Complaints::5
"Park lighting near Station Road has stopped working since Monday, it's dark and unsafe in the evenings.",Parks & Public Spaces,Parks & Public Spaces::9
The public restrooms at the park on Hillcrest Road have been out of service this past hour.,Parks & Public Spaces,Parks & Public Spaces::2
A dangerously leaning tree on Highfield Ave looks like it could fall last night.,Public Safety,Public Safety::11
The streetlights on Church Road have been out since Monday.,Water & Utilities,Water & Utilities::4
Motorbikes revving their engines on Union Street this morning are extremely disruptive.,Noise Complaints,Noise Complaints::7
Continuous drilling noise from Highfield Ave this past hour has been reported by several residents.,Noise Complaints,Noise Complaints::12
There's an old mattress and broken furniture dumped on Elm Street this past hour.,Sanitation & Waste,Sanitation & Waste::10
The recycling bins on Lakeview Drive haven't been emptied since Monday.,Sanitation & Waste,Sanitation & Waste::2
"The road on Main St is badly flooded this past hour, it's not passable.",Traffic & Roads,Traffic & Roads::3
A dangerously leaning tree on Union Street looks like it could fall this past hour.,Public Safety,Public Safety::11
A dangerously leaning tree on 5th Avenue looks like it could fall this past hour.,Public Safety,Public Safety::11
A guard rail near Market Street is broken yesterday afternoon and needs urgent repair.,Public Safety,Public Safety::5
Flies are swarming around a garbage pile on Station Road last night.,Sanitation & Waste,Sanitation & Waste::12
"Litter has been piling up along Main St this morning, it needs a cleanup crew.",Sanitation & Waste,Sanitation & Waste::4
Motorbikes revving their engines on Lakeview Drive yesterday afternoon are extremely disruptive.,Noise Complaints,Noise Complaints::7
The emergency call box on Elm Street appears to be non-functional for two weeks now.,Public Safety,Public Safety::13
"Someone burned trash illegally near Elm Street every evening this week, leaving ash everywhere.",Sanitation & Waste,Sanitation & Waste::14
There's a large pothole on 5th Avenue that's been damaging cars this morning.,Traffic & Roads,Traffic & Roads::0
The playground equipment at the park on Union Street is broken this past hour.,Parks & Public Spaces,Parks & Public Spaces::0
"Loud construction work on Lakeview Drive has been going on this past hour, well outside permitted hours.",Noise Complaints,Noise Complaints::0
Someone has been illegally dumping construction waste near Main St this past hour.,Sanitation & Waste,Sanitation & Waste::1
A stop sign near Market Street was knocked down every evening this week and hasn't been replaced.,Traffic & Roads,Traffic & Roads::6
Loose electrical wiring has been spotted hanging near Elm Street yesterday afternoon.,Public Safety,Public Safety::6
Household waste has been dumped on the sidewalk of Oak Lane this morning.,Sanitation & Waste,Sanitation & Waste::7
A dead animal has been left uncollected on Riverside Drive since Monday.,Sanitation & Waste,Sanitation & Waste::5
Continuous drilling noise from Oak Lane since Monday has been reported by several residents.,Noise Complaints,Noise Complaints::12
Loose electrical wiring has been spotted hanging near Riverside Drive for the past three days.,Public Safety,Public Safety::6
Flies are swarming around a garbage pile on Church Road since Monday.,Sanitation & Waste,Sanitation & Waste::12
The crosswalk markings on Riverside Drive have faded and are barely visible since Monday.,Traffic & Roads,Traffic & Roads::7
The public water fountain in the park near Highfield Ave isn't working yesterday afternoon.,Parks & Public Spaces,Parks & Public Spaces::6
The pedestrian crossing button on Elm Street isn't working last night.,Traffic & Roads,Traffic & Roads::14
There's a large pothole on Cedar Street that's been damaging cars this past hour.,Traffic & Roads,Traffic & Roads::0
Late-night parties on Hillcrest Road over the weekend are keeping residents awake.,Noise Complaints,Noise Complaints::5
"The garbage truck skipped our block on Union Street for two weeks now, can someone come by?",Sanitation & Waste,Sanitation & Waste::9
There's a bad smell coming from an uncollected dumpster on Market Street every evening this week.,Sanitation & Waste,Sanitation & Waste::3
"The road on Main St is badly flooded every evening this week, it's not passable.",Traffic & Roads,Traffic & Roads::3
The public water fountain in the park near Park Road isn't working every evening this week.,Parks & Public Spaces,Parks & Public Spaces::6
The emergency call box on 5th Avenue appears to be non-functional last night.,Public Safety,Public Safety::13
A bench in the park on Main St is damaged and unsafe to sit on every evening this week.,Parks & Public Spaces,Parks & Public Spaces::4
"A fallen power line is dangling near Market Street for two weeks now, it looks dangerous.",Water & Utilities,Water & Utilities::10
"There have been reports of break-ins near 5th Avenue last night, residents want more patrols.",Public Safety,Public Safety::9
"The pavement is cracked and uneven on Maple Avenue last night, cyclists keep swerving to avoid it.",Traffic & Roads,Traffic & Roads::9
"The garbage truck skipped our block on Market Street for the past three days, can someone come by?",Sanitation & Waste,Sanitation & Waste::9
"A neighbor on Main St has been playing loud music every evening this week, disturbing the whole block.",Noise Complaints,Noise Complaints::1
"Street signage near Cedar Street is missing, causing confusion for drivers every evening this week.",Traffic & Roads,Traffic & Roads::4
"Garbage collection on Riverside Drive was missed since Monday, bins are overflowing.",Sanitation & Waste,Sanitation & Waste::0
Graffiti has appeared on the park walls near Lakeview Drive this morning.,Parks & Public Spaces,Parks & Public Spaces::1
Motorbikes revving their engines on Maple Avenue every evening this week are extremely disruptive.,Noise Complaints,Noise Complaints::7
Late-night parties on Station Road this morning are keeping residents awake.,Noise Complaints,Noise Complaints::5
"There's an abandoned building on Riverside Drive with a broken fence, unsafe for two weeks now.",Public Safety,Public Safety::1
"The garbage truck skipped our block on Riverside Drive over the weekend, can someone come by?",Sanitation & Waste,Sanitation & Waste::9
"A fallen power line is dangling near Cedar Street last night, it looks dangerous.",Water & Utilities,Water & Utilities::10
"A neighbor's renovation work on Elm Street started very early for the past three days, before permitted hours.",Noise Complaints,Noise Complaints::8
"The road on Elm Street is badly flooded this past hour, it's not passable.",Traffic & Roads,Traffic & Roads::3
A house party on Lakeview Drive last night has loud music going well past midnight.,Noise Complaints,Noise Complaints::13
"The sidewalk on Oak Lane is cracked and uneven for the past three days, a real trip hazard.",Public Safety,Public Safety::4
Broken glass has been found near the playground on Oak Lane yesterday afternoon.,Parks & Public Spaces,Parks & Public Spaces::5
A restaurant's outdoor speakers on Main St are far too loud for the past three days.,Noise Complaints,Noise Complaints::11
There's a water main leak on Main St that's been flooding the street over the weekend.,Water & Utilities,Water & Utilities::0
Rats have been spotted near the uncollected trash on Park Road every evening this week.,Sanitation & Waste,Sanitation & Waste::8
A restaurant's outdoor speakers on Station Road are far too loud over the weekend.,Noise Complaints,Noise Complaints::11
The power keeps flickering on and off on Highfield Ave this past hour.,Water & Utilities,Water & Utilities::8
A sewage smell is coming from a manhole on Cedar Street over the weekend.,Water & Utilities,Water & Utilities::3
"A fallen power line is dangling near Lakeview Drive every evening this week, it looks dangerous.",Water & Utilities,Water & Utilities::10
"An open manhole cover on Main St has been left uncovered for the past three days, it's a serious hazard.",Water & Utilities,Water & Utilities::15
There's a large pothole on Cedar Street that's been damaging cars last night.,Traffic & Roads,Traffic & Roads::0
"A fire hydrant on Station Road is leaking continuously over the weekend, wasting a lot of water.",Water & Utilities,Water & Utilities::12
The water on Church Road has been shut off for the past three days without any prior notice.,Water & Utilities,Water & Utilities::11
Graffiti has appeared on the park walls near Maple Avenue this past hour.,Parks & Public Spaces,Parks & Public Spaces::1
"The street sweeper hasn't come through Station Road this morning, leaves and debris are piling up.",Sanitation & Waste,Sanitation & Waste::15
"Someone burned trash illegally near Lakeview Drive this past hour, leaving ash everywhere.",Sanitation & Waste,Sanitation & Waste::14
A bench in the park on Union Street is damaged and unsafe to sit on for the past three days.,Parks & Public Spaces,Parks & Public Spaces::4
Broken glass has been found near the playground on Elm Street last night.,Parks & Public Spaces,Parks & Public Spaces::5
Cars are parking illegally on Union Street and blocking the bike lane for the past three days.,Traffic & Roads,Traffic & Roads::2
"Drivers are running the red light on Maple Avenue every evening this week, it's an accident waiting to happen.",Traffic & Roads,Traffic & Roads::11
A bar on Riverside Drive has had excessively loud events over the weekend.,Noise Complaints,Noise Complaints::3
There's no working smoke detector reported in the shared stairwell on Riverside Drive this past hour.,Public Safety,Public Safety::14
"The one-way sign on Cedar Street is bent and hard to read yesterday afternoon, causing wrong-way driving.",Traffic & Roads,Traffic & Roads::17
The emergency call box on Cedar Street appears to be non-functional last night.,Public Safety,Public Safety::13
A house party on Hillcrest Road yesterday afternoon has loud music going well past midnight.,Noise Complaints,Noise Complaints::13
Park signage near Maple Avenue listing opening hours is faded and unreadable this morning.,Parks & Public Spaces,Parks & Public Spaces::14
A bar on Hillcrest Road has had excessively loud events over the weekend.,Noise Complaints,Noise Complaints::3
There's an old mattress and broken furniture dumped on Cedar Street last night.,Sanitation & Waste,Sanitation & Waste::10
The public trash cans on Highfield Ave are overflowing yesterday afternoon and attracting pests.,Sanitation & Waste,Sanitation & Waste::6
"There's been a total blackout on Lakeview Drive every evening this week, residents are asking when it'll be fixed.",Water & Utilities,Water & Utilities::9
"An unsecured construction site on Lakeview Drive has been left open for two weeks now, kids could wander in.",Public Safety,Public Safety::10
There's a large pothole on Lakeview Drive that's been damaging cars over the weekend.,Traffic & Roads,Traffic & Roads::0
Fallen tree branches are blocking a path in the park on Union Street for two weeks now.,Parks & Public Spaces,Parks & Public Spaces::7
The compost bins provided on Hillcrest Road are broken and leaking since Monday.,Sanitation & Waste,Sanitation & Waste::13
"The pavement is cracked and uneven on Lakeview Drive this past hour, cyclists keep swerving to avoid it.",Traffic & Roads,Traffic & Roads::9
Loud generator noise from a property on Oak Lane has continued over the weekend.,Noise Complaints,Noise Complaints::6
A bench in the park on 5th Avenue is damaged and unsafe to sit on this past hour.,Parks & Public Spaces,Parks & Public Spaces::4
Household waste has been dumped on the sidewalk of Station Road last night.,Sanitation & Waste,Sanitation & Waste::7
A guard rail near Cedar Street is broken last night and needs urgent repair.,Public Safety,Public Safety::5
There's a large pothole on Market Street that's been damaging cars every evening this week.,Traffic & Roads,Traffic & Roads::0
The electricity substation near Market Street has been making loud buzzing noises for the past three days.,Water & Utilities,Water & Utilities::16
"An unsecured construction site on Lakeview Drive has been left open for the past three days, kids could wander in.",Public Safety,Public Safety::10
Overgrown grass and weeds at the park near Park Road need to be cut for the past three days.,Parks & Public Spaces,Parks & Public Spaces::3
A fire hydrant on Hillcrest Road appears damaged over the weekend and may not work in an emergency.,Public Safety,Public Safety::3
"We've had no electricity on Station Road last night, please send a crew.",Water & Utilities,Water & Utilities::1
"A fire hydrant on Church Road is leaking continuously for the past three days, wasting a lot of water.",Water & Utilities,Water & Utilities::12
Litter bins in the park on 5th Avenue are missing or broken yesterday afternoon.,Parks & Public Spaces,Parks & Public Spaces::10
"The pavement is cracked and uneven on Elm Street this morning, cyclists keep swerving to avoid it.",Traffic & Roads,Traffic & Roads::9
"A streetlamp on Lakeview Drive has been flickering and going dark every evening this week, it feels unsafe at night.",Public Safety,Public Safety::0
"We've had no electricity on Park Road over the weekend, please send a crew.",Water & Utilities,Water & Utilities::1
A gate at the construction site on Market Street has been left unlocked for the past three days.,Public Safety,Public Safety::15
There's a huge traffic jam on Oak Lane this morning because of a broken-down vehicle.,Traffic & Roads,Traffic & Roads::13
"There's been a total blackout on Market Street over the weekend, residents are asking when it'll be fixed.",Water & Utilities,Water & Utilities::9
Broken glass has been scattered on the pavement of Highfield Ave since Monday.,Public Safety,Public Safety::12
Flies are swarming around a garbage pile on Market Street since Monday.,Sanitation & Waste,Sanitation & Waste::12
"An open manhole cover on Park Road has been left uncovered for two weeks now, it's a serious hazard.",Water & Utilities,Water & Utilities::15
Heavy trucks are damaging the road surface on Riverside Drive last night.,Traffic & Roads,Traffic & Roads::18
Late-night parties on Main St for two weeks now are keeping residents awake.,Noise Complaints,Noise Complaints::5
A bar on Oak Lane has had excessively loud events last night.,Noise Complaints,Noise Complaints::3
The water on 5th Avenue has been shut off since Monday without any prior notice.,Water & Utilities,Water & Utilities::11
"There's an abandoned building on Cedar Street with a broken fence, unsafe over the weekend.",Public Safety,Public Safety::1
"The one-way sign on Park Road is bent and hard to read for two weeks now, causing wrong-way driving.",Traffic & Roads,Traffic & Roads::17
Flies are swarming around a garbage pile on Highfield Ave this morning.,Sanitation & Waste,Sanitation & Waste::12
"Litter has been piling up along Church Road for the past three days, it needs a cleanup crew.",Sanitation & Waste,Sanitation & Waste::4
Park signage near Elm Street listing opening hours is faded and unreadable every evening this week.,Parks & Public Spaces,Parks & Public Spaces::14
The swings at the playground on Market Street are rusted and need replacing yesterday afternoon.,Parks & Public Spaces,Parks & Public Spaces::11
"Fireworks have been set off repeatedly near Lakeview Drive for the past three days, disturbing residents.",Noise Complaints,Noise Complaints::10
Broken glass has been found near the playground on Highfield Ave over the weekend.,Parks & Public Spaces,Parks & Public Spaces::5
Household waste has been dumped on the sidewalk of Riverside Drive this morning.,Sanitation & Waste,Sanitation & Waste::7
Household waste has been dumped on the sidewalk of Hillcrest Road this past hour.,Sanitation & Waste,Sanitation & Waste::7
A guard rail near Elm Street is broken over the weekend and needs urgent repair.,Public Safety,Public Safety::5
The road markings/lane lines on 5th Avenue have completely worn away this past hour.,Traffic & Roads,Traffic & Roads::12
"Street signage near Park Road is missing, causing confusion for drivers last night.",Traffic & Roads,Traffic & Roads::4
"A fallen power line is dangling near Park Road over the weekend, it looks dangerous.",Water & Utilities,Water & Utilities::10
Yard waste hasn't been picked up on Hillcrest Road every evening this week despite being scheduled.,Sanitation & Waste,Sanitation & Waste::11
"Someone has been loitering near the school on Market Street for the past three days, parents are concerned.",Public Safety,Public Safety::7
An unleashed aggressive dog has been reported at the park on Oak Lane for two weeks now.,Parks & Public Spaces,Parks & Public Spaces::12
Household waste has been dumped on the sidewalk of Oak Lane this past hour.,Sanitation & Waste,Sanitation & Waste::7
The crosswalk markings on Park Road have faded and are barely visible for two weeks now.,Traffic & Roads,Traffic & Roads::7
"There have been reports of break-ins near Oak Lane since Monday, residents want more patrols.",Public Safety,Public Safety::9
A dead animal has been left uncollected on Cedar Street last night.,Sanitation & Waste,Sanitation & Waste::5
A burst pipe on Cedar Street is spraying water onto the road for the past three days.,Water & Utilities,Water & Utilities::7
There's constant dog barking from a property on Elm Street since Monday.,Noise Complaints,Noise Complaints::2
"Loud construction work on Oak Lane has been going on yesterday afternoon, well outside permitted hours.",Noise Complaints,Noise Complaints::0
"Loud construction work on Park Road has been going on for two weeks now, well outside permitted hours.",Noise Complaints,Noise Complaints::0
Continuous drilling noise from Cedar Street since Monday has been reported by several residents.,Noise Complaints,Noise Complaints::12
There's constant dog barking from a property on Main St over the weekend.,Noise Complaints,Noise Complaints::2
"A security camera on Lakeview Drive has been broken this morning, it's a blind spot now.",Public Safety,Public Safety::8
The basketball court near Riverside Drive has large cracks in the surface this morning.,Parks & Public Spaces,Parks & Public Spaces::8
Roadworks on Park Road have left an unmarked hole in the pavement this past hour.,Traffic & Roads,Traffic & Roads::16
The community garden near Highfield Ave has been vandalized yesterday afternoon.,Parks & Public Spaces,Parks & Public Spaces::13
Rats have been spotted near the uncollected trash on Elm Street this past hour.,Sanitation & Waste,Sanitation & Waste::8
Motorbikes revving their engines on Hillcrest Road this past hour are extremely disruptive.,Noise Complaints,Noise Complaints::7
The compost bins provided on Elm Street are broken and leaking for two weeks now.,Sanitation & Waste,Sanitation & Waste::13
The pedestrian crossing button on Highfield Ave isn't working last night.,Traffic & Roads,Traffic & Roads::14
"The sidewalk on Hillcrest Road is cracked and uneven last night, a real trip hazard.",Public Safety,Public Safety::4
A pothole the size of a dinner plate has appeared on 5th Avenue every evening this week.,Traffic & Roads,Traffic & Roads::10
The public water fountain in the park near Highfield Ave isn't working for the past three days.,Parks & Public Spaces,Parks & Public Spaces::6
Litter bins in the park on Hillcrest Road are missing or broken since Monday.,Parks & Public Spaces,Parks & Public Spaces::10
"The sidewalk on Station Road is cracked and uneven last night, a real trip hazard.",Public Safety,Public Safety::4
Car alarms keep going off on Oak Lane every evening this week without anyone responding.,Noise Complaints,Noise Complaints::4
"Suspicious activity has been reported near Maple Avenue this morning, requesting a patrol.",Public Safety,Public Safety::2
There's a bad smell coming from an uncollected dumpster on Union Street last night.,Sanitation & Waste,Sanitation & Waste::3
"A streetlamp on Cedar Street has been flickering and going dark this past hour, it feels unsafe at night.",Public Safety,Public Safety::0
"The street sweeper hasn't come through Main St this past hour, leaves and debris are piling up.",Sanitation & Waste,Sanitation & Waste::15
Cars are parking illegally on Lakeview Drive and blocking the bike lane for the past three days.,Traffic & Roads,Traffic & Roads::2
Motorbikes revving their engines on Church Road yesterday afternoon are extremely disruptive.,Noise Complaints,Noise Complaints::7
"An open manhole cover on Station Road has been left uncovered over the weekend, it's a serious hazard.",Water & Utilities,Water & Utilities::15
Fallen tree branches are blocking a path in the park on Hillcrest Road this morning.,Parks & Public Spaces,Parks & Public Spaces::7
"We've had no electricity on Lakeview Drive last night, please send a crew.",Water & Utilities,Water & Utilities::1
"Garbage collection on Lakeview Drive was missed for the past three days, bins are overflowing.",Sanitation & Waste,Sanitation & Waste::0
The crosswalk markings on Market Street have faded and are barely visible this past hour.,Traffic & Roads,Traffic & Roads::7
Broken glass has been found near the playground on Maple Avenue for two weeks now.,Parks & Public Spaces,Parks & Public Spaces::5
Low water pressure has been reported on Lakeview Drive for two weeks now.,Water & Utilities,Water & Utilities::2
"Someone has been loitering near the school on Hillcrest Road for two weeks now, parents are concerned.",Public Safety,Public Safety::7
The public water fountain in the park near 5th Avenue isn't working this past hour.,Parks & Public Spaces,Parks & Public Spaces::6
The community garden near Union Street has been vandalized this morning.,Parks & Public Spaces,Parks & Public Spaces::13
There's constant dog barking from a property on Lakeview Drive last night.,Noise Complaints,Noise Complaints::2
An overflowing skip/dumpster has been sitting on Highfield Ave over the weekend without being emptied.,Sanitation & Waste,Sanitation & Waste::16
The public water fountain in the park near Cedar Street isn't working yesterday afternoon.,Parks & Public Spaces,Parks & Public Spaces::6
An unleashed aggressive dog has been reported at the park on Park Road since Monday.,Parks & Public Spaces,Parks & Public Spaces::12
"Suspicious activity has been reported near Church Road every evening this week, requesting a patrol.",Public Safety,Public Safety::2
Graffiti has appeared on the park walls near Oak Lane this past hour.,Parks & Public Spaces,Parks & Public Spaces::1
A house party on Highfield Ave this past hour has loud music going well past midnight.,Noise Complaints,Noise Complaints::13
There's no working smoke detector reported in the shared stairwell on 5th Avenue last night.,Public Safety,Public Safety::14
The public restrooms at the park on Cedar Street have been out of service over the weekend.,Parks & Public Spaces,Parks & Public Spaces::2
Yard waste hasn't been picked up on Market Street over the weekend despite being scheduled.,Sanitation & Waste,Sanitation & Waste::11
Motorbikes revving their engines on Lakeview Drive for two weeks now are extremely disruptive.,Noise Complaints,Noise Complaints::7
"The street sweeper hasn't come through Riverside Drive since Monday, leaves and debris are piling up.",Sanitation & Waste,Sanitation & Waste::15
"Loud construction work on Hillcrest Road has been going on since Monday, well outside permitted hours.",Noise Complaints,Noise Complaints::0
The basketball court near Station Road has large cracks in the surface every evening this week.,Parks & Public Spaces,Parks & Public Spaces::8
Continuous drilling noise from Oak Lane for two weeks now has been reported by several residents.,Noise Complaints,Noise Complaints::12
"Please fix the sinkhole that opened up on 5th Avenue for two weeks now, cars are swerving around it.",Traffic & Roads,Traffic & Roads::19
Someone has been illegally dumping construction waste near Elm Street since Monday.,Sanitation & Waste,Sanitation & Waste::1
Continuous drilling noise from 5th Avenue for the past three days has been reported by several residents.,Noise Complaints,Noise Complaints::12
The traffic light at the corner of Market Street has been stuck on red over the weekend.,Traffic & Roads,Traffic & Roads::1
Water discoloration from the tap has been reported by residents on Station Road yesterday afternoon.,Water & Utilities,Water & Utilities::6
"An open manhole cover on Lakeview Drive has been left uncovered for two weeks now, it's a serious hazard.",Water & Utilities,Water & Utilities::15
"A neighbor's renovation work on Elm Street started very early last night, before permitted hours.",Noise Complaints,Noise Complaints::8
Cars are parking illegally on Highfield Ave and blocking the bike lane since Monday.,Traffic & Roads,Traffic & Roads::2
"The pavement is cracked and uneven on Union Street this past hour, cyclists keep swerving to avoid it.",Traffic & Roads,Traffic & Roads::9
Flies are swarming around a garbage pile on Union Street this morning.,Sanitation & Waste,Sanitation & Waste::12
The water on 5th Avenue has been shut off for two weeks now without any prior notice.,Water & Utilities,Water & Utilities::11
The public restrooms at the park on Elm Street have been out of service this past hour.,Parks & Public Spaces,Parks & Public Spaces::2
The compost bins provided on Elm Street are broken and leaking this past hour.,Sanitation & Waste,Sanitation & Waste::13
The public restrooms at the park on Union Street have been out of service since Monday.,Parks & Public Spaces,Parks & Public Spaces::2
A bench in the park on Riverside Drive is damaged and unsafe to sit on every evening this week.,Parks & Public Spaces,Parks & Public Spaces::4
There's a huge traffic jam on Riverside Drive yesterday afternoon because of a broken-down vehicle.,Traffic & Roads,Traffic & Roads::13
There's constant dog barking from a property on Maple Avenue every evening this week.,Noise Complaints,Noise Complaints::2
"Street signage near Park Road is missing, causing confusion for drivers for the past three days.",Traffic & Roads,Traffic & Roads::4
"Someone has been loitering near the school on Church Road over the weekend, parents are concerned.",Public Safety,Public Safety::7
"The street sweeper hasn't come through Union Street over the weekend, leaves and debris are piling up.",Sanitation & Waste,Sanitation & Waste::15
Low water pressure has been reported on Main St for the past three days.,Water & Utilities,Water & Utilities::2
"A neighbor on Park Road has been playing loud music for two weeks now, disturbing the whole block.",Noise Complaints,Noise Complaints::1
"The sidewalk on Main St is cracked and uneven every evening this week, a real trip hazard.",Public Safety,Public Safety::4
"A neighbor on Cedar Street has been playing loud music for two weeks now, disturbing the whole block.",Noise Complaints,Noise Complaints::1
"A neighbor's renovation work on Elm Street started very early for two weeks now, before permitted hours.",Noise Complaints,Noise Complaints::8
The recycling bins on Park Road haven't been emptied since Monday.,Sanitation & Waste,Sanitation & Waste::2
Loud generator noise from a property on Maple Avenue has continued for two weeks now.,Noise Complaints,Noise Complaints::6
A burst pipe on Park Road is spraying water onto the road every evening this week.,Water & Utilities,Water & Utilities::7
A sewage smell is coming from a manhole on 5th Avenue since Monday.,Water & Utilities,Water & Utilities::3
Rats have been spotted near the uncollected trash on Oak Lane last night.,Sanitation & Waste,Sanitation & Waste::8
Late-night parties on Riverside Drive yesterday afternoon are keeping residents awake.,Noise Complaints,Noise Complaints::5
The playground equipment at the park on Highfield Ave is broken for the past three days.,Parks & Public Spaces,Parks & Public Spaces::0
"There's an abandoned building on Church Road with a broken fence, unsafe over the weekend.",Public Safety,Public Safety::1
"A streetlamp on Riverside Drive has been flickering and going dark every evening this week, it feels unsafe at night.",Public Safety,Public Safety::0
"Traffic congestion on Maple Avenue has gotten much worse for two weeks now, please review the signal timing.",Traffic & Roads,Traffic & Roads::5
The crosswalk markings on Union Street have faded and are barely visible for the past three days.,Traffic & Roads,Traffic & Roads::7
Late-night parties on Cedar Street every evening this week are keeping residents awake.,Noise Complaints,Noise Complaints::5
The swings at the playground on 5th Avenue are rusted and need replacing every evening this week.,Parks & Public Spaces,Parks & Public Spaces::11
A bar on 5th Avenue has had excessively loud events since Monday.,Noise Complaints,Noise Complaints::3
The water on Elm Street has been shut off this past hour without any prior notice.,Water & Utilities,Water & Utilities::11
"There's an abandoned building on Park Road with a broken fence, unsafe every evening this week.",Public Safety,Public Safety::1
Residents on Church Road report the tap water smells strange this morning.,Water & Utilities,Water & Utilities::14
"Someone burned trash illegally near Church Road since Monday, leaving ash everywhere.",Sanitation & Waste,Sanitation & Waste::14
"Traffic congestion on Station Road has gotten much worse this past hour, please review the signal timing.",Traffic & Roads,Traffic & Roads::5
A bench in the park on Church Road is damaged and unsafe to sit on for the past three days.,Parks & Public Spaces,Parks & Public Spaces::4
A house party on Cedar Street over the weekend has loud music going well past midnight.,Noise Complaints,Noise Complaints::13
"Drivers are running the red light on Riverside Drive since Monday, it's an accident waiting to happen.",Traffic & Roads,Traffic & Roads::11
The playground equipment at the park on Church Road is broken over the weekend.,Parks & Public Spaces,Parks & Public Spaces::0
"Someone burned trash illegally near Maple Avenue for the past three days, leaving ash everywhere.",Sanitation & Waste,Sanitation & Waste::14
Car alarms keep going off on 5th Avenue over the weekend without anyone responding.,Noise Complaints,Noise Complaints::4
"The street sweeper hasn't come through 5th Avenue this morning, leaves and debris are piling up.",Sanitation & Waste,Sanitation & Waste::15
A dead animal has been left uncollected on Riverside Drive for the past three days.,Sanitation & Waste,Sanitation & Waste::5
A sewage smell is coming from a manhole on Station Road last night.,Water & Utilities,Water & Utilities::3
The crosswalk markings on Elm Street have faded and are barely visible every evening this week.,Traffic & Roads,Traffic & Roads::7
"The garbage truck skipped our block on Riverside Drive since Monday, can someone come by?",Sanitation & Waste,Sanitation & Waste::9
"The garbage truck skipped our block on Riverside Drive every evening this week, can someone come by?",Sanitation & Waste,Sanitation & Waste::9
The electricity substation near Lakeview Drive has been making loud buzzing noises last night.,Water & Utilities,Water & Utilities::16
An overflowing skip/dumpster has been sitting on Cedar Street every evening this week without being emptied.,Sanitation & Waste,Sanitation & Waste::16
The streetlights on Church Road have been out yesterday afternoon.,Water & Utilities,Water & Utilities::4
Broken glass has been found near the playground on Lakeview Drive since Monday.,Parks & Public Spaces,Parks & Public Spaces::5
"Street signage near Park Road is missing, causing confusion for drivers every evening this week.",Traffic & Roads,Traffic & Roads::4
A bar on 5th Avenue has had excessively loud events this morning.,Noise Complaints,Noise Complaints::3
"A fire hydrant on Union Street is leaking continuously this past hour, wasting a lot of water.",Water & Utilities,Water & Utilities::12
An unleashed aggressive dog has been reported at the park on Park Road over the weekend.,Parks & Public Spaces,Parks & Public Spaces::12
A house party on Maple Avenue this morning has loud music going well past midnight.,Noise Complaints,Noise Complaints::13
Litter bins in the park on Park Road are missing or broken for the past three days.,Parks & Public Spaces,Parks & Public Spaces::10
"Garbage collection on 5th Avenue was missed for two weeks now, bins are overflowing.",Sanitation & Waste,Sanitation & Waste::0
Loudspeakers from an event on Park Road can be heard blocks away yesterday afternoon.,Noise Complaints,Noise Complaints::9
The public restrooms at the park on Lakeview Drive have been out of service for two weeks now.,Parks & Public Spaces,Parks & Public Spaces::2
Motorbikes revving their engines on Station Road this past hour are extremely disruptive.,Noise Complaints,Noise Complaints::7
Litter bins in the park on 5th Avenue are missing or broken for the past three days.,Parks & Public Spaces,Parks & Public Spaces::10
Loudspeakers from an event on Church Road can be heard blocks away every evening this week.,Noise Complaints,Noise Complaints::9
"Park lighting near Station Road has stopped working every evening this week, it's dark and unsafe in the evenings.",Parks & Public Spaces,Parks & Public Spaces::9
Late-night parties on Highfield Ave every evening this week are keeping residents awake.,Noise Complaints,Noise Complaints::5
The power keeps flickering on and off on Main St this morning.,Water & Utilities,Water & Utilities::8
An unleashed aggressive dog has been reported at the park on Main St every evening this week.,Parks & Public Spaces,Parks & Public Spaces::12
"Someone has been loitering near the school on 5th Avenue for the past three days, parents are concerned.",Public Safety,Public Safety::7
There's an old mattress and broken furniture dumped on Elm Street yesterday afternoon.,Sanitation & Waste,Sanitation & Waste::10
A bar on Lakeview Drive has had excessively loud events this past hour.,Noise Complaints,Noise Complaints::3
"There have been reports of break-ins near Station Road this morning, residents want more patrols.",Public Safety,Public Safety::9
There's no working smoke detector reported in the shared stairwell on Maple Avenue last night.,Public Safety,Public Safety::14
Heavy trucks are damaging the road surface on Lakeview Drive this past hour.,Traffic & Roads,Traffic & Roads::18
"Someone burned trash illegally near Market Street every evening this week, leaving ash everywhere.",Sanitation & Waste,Sanitation & Waste::14
The public water fountain in the park near Maple Avenue isn't working for two weeks now.,Parks & Public Spaces,Parks & Public Spaces::6
Car alarms keep going off on Elm Street this morning without anyone responding.,Noise Complaints,Noise Complaints::4
A house party on 5th Avenue every evening this week has loud music going well past midnight.,Noise Complaints,Noise Complaints::13
"There's a gas smell near Oak Lane for the past three days, this may need urgent attention.",Water & Utilities,Water & Utilities::5
Overgrown grass and weeds at the park near Market Street need to be cut this morning.,Parks & Public Spaces,Parks & Public Spaces::3
Yard waste hasn't been picked up on Oak Lane last night despite being scheduled.,Sanitation & Waste,Sanitation & Waste::11
A house party on Market Street over the weekend has loud music going well past midnight.,Noise Complaints,Noise Complaints::13
Loudspeakers from an event on Lakeview Drive can be heard blocks away for the past three days.,Noise Complaints,Noise Complaints::9
The water on Church Road has been shut off over the weekend without any prior notice.,Water & Utilities,Water & Utilities::11
Car alarms keep going off on Union Street for the past three days without anyone responding.,Noise Complaints,Noise Complaints::4
Low water pressure has been reported on Cedar Street yesterday afternoon.,Water & Utilities,Water & Utilities::2
The public water fountain in the park near Maple Avenue isn't working for the past three days.,Parks & Public Spaces,Parks & Public Spaces::6
There's a water main leak on Market Street that's been flooding the street for the past three days.,Water & Utilities,Water & Utilities::0
The public trash cans on 5th Avenue are overflowing since Monday and attracting pests.,Sanitation & Waste,Sanitation & Waste::6
Late-night parties on Highfield Ave for the past three days are keeping residents awake.,Noise Complaints,Noise Complaints::5
Loudspeakers from an event on Oak Lane can be heard blocks away yesterday afternoon.,Noise Complaints,Noise Complaints::9
Someone has been illegally dumping construction waste near Park Road yesterday afternoon.,Sanitation & Waste,Sanitation & Waste::1
A burst pipe on Station Road is spraying water onto the road every evening this week.,Water & Utilities,Water & Utilities::7
A sewage smell is coming from a manhole on Riverside Drive for two weeks now.,Water & Utilities,Water & Utilities::3
Flies are swarming around a garbage pile on Park Road for two weeks now.,Sanitation & Waste,Sanitation & Waste::12
The public water fountain in the park near Station Road isn't working this morning.,Parks & Public Spaces,Parks & Public Spaces::6
"A neighbor's renovation work on Station Road started very early this past hour, before permitted hours.",Noise Complaints,Noise Complaints::8
"There have been reports of break-ins near Maple Avenue over the weekend, residents want more patrols.",Public Safety,Public Safety::9
Residents on Highfield Ave report the tap water smells strange yesterday afternoon.,Water & Utilities,Water & Utilities::14
A guard rail near 5th Avenue is broken this past hour and needs urgent repair.,Public Safety,Public Safety::5
"A neighbor on Park Road has been playing loud music every evening this week, disturbing the whole block.",Noise Complaints,Noise Complaints::1
"Park lighting near Lakeview Drive has stopped working over the weekend, it's dark and unsafe in the evenings.",Parks & Public Spaces,Parks & Public Spaces::9
A bench in the park on Oak Lane is damaged and unsafe to sit on for two weeks now.,Parks & Public Spaces,Parks & Public Spaces::4
A bench in the park on Lakeview Drive is damaged and unsafe to sit on last night.,Parks & Public Spaces,Parks & Public Spaces::4
"Fireworks have been set off repeatedly near Park Road every evening this week, disturbing residents.",Noise Complaints,Noise Complaints::10
Litter bins in the park on Station Road are missing or broken this past hour.,Parks & Public Spaces,Parks & Public Spaces::10
"A neighbor on Hillcrest Road has been playing loud music over the weekend, disturbing the whole block.",Noise Complaints,Noise Complaints::1
Overgrown grass and weeds at the park near Main St need to be cut yesterday afternoon.,Parks & Public Spaces,Parks & Public Spaces::3
Broken glass has been scattered on the pavement of Highfield Ave this past hour.,Public Safety,Public Safety::12
The swings at the playground on Riverside Drive are rusted and need replacing last night.,Parks & Public Spaces,Parks & Public Spaces::11
"Someone has been loitering near the school on Park Road last night, parents are concerned.",Public Safety,Public Safety::7
The pedestrian crossing button on Union Street isn't working this morning.,Traffic & Roads,Traffic & Roads::14
There's an old mattress and broken furniture dumped on Main St for two weeks now.,Sanitation & Waste,Sanitation & Waste::10
A house party on Lakeview Drive for two weeks now has loud music going well past midnight.,Noise Complaints,Noise Complaints::13
There's an old mattress and broken furniture dumped on Main St last night.,Sanitation & Waste,Sanitation & Waste::10
"An unsecured construction site on Lakeview Drive has been left open yesterday afternoon, kids could wander in.",Public Safety,Public Safety::10
The road markings/lane lines on Maple Avenue have completely worn away yesterday afternoon.,Traffic & Roads,Traffic & Roads::12
"An unsecured construction site on Union Street has been left open for the past three days, kids could wander in.",Public Safety,Public Safety::10
"The garbage truck skipped our block on Highfield Ave every evening this week, can someone come by?",Sanitation & Waste,Sanitation & Waste::9
Late-night parties on Highfield Ave over the weekend are keeping residents awake.,Noise Complaints,Noise Complaints::5
Fallen tree branches are blocking a path in the park on Maple Avenue this past hour.,Parks & Public Spaces,Parks & Public Spaces::7
Broken glass has been found near the playground on Church Road for the past three days.,Parks & Public Spaces,Parks & Public Spaces::5
"Park lighting near Highfield Ave has stopped working for the past three days, it's dark and unsafe in the evenings.",Parks & Public Spaces,Parks & Public Spaces::9
"Traffic congestion on Church Road has gotten much worse yesterday afternoon, please review the signal timing.",Traffic & Roads,Traffic & Roads::5
"Suspicious activity has been reported near Maple Avenue since Monday, requesting a patrol.",Public Safety,Public Safety::2
Yard waste hasn't been picked up on Highfield Ave for two weeks now despite being scheduled.,Sanitation & Waste,Sanitation & Waste::11
"Suspicious activity has been reported near Main St every evening this week, requesting a patrol.",Public Safety,Public Safety::2
Loudspeakers from an event on Oak Lane can be heard blocks away over the weekend.,Noise Complaints,Noise Complaints::9
"There's an abandoned building on Lakeview Drive with a broken fence, unsafe this past hour.",Public Safety,Public Safety::1
"Someone has been loitering near the school on Park Road yesterday afternoon, parents are concerned.",Public Safety,Public Safety::7
Overgrown grass and weeds at the park near Union Street need to be cut this past hour.,Parks & Public Spaces,Parks & Public Spaces::3
The public trash cans on 5th Avenue are overflowing for two weeks now and attracting pests.,Sanitation & Waste,Sanitation & Waste::6
"There's been a total blackout on Hillcrest Road yesterday afternoon, residents are asking when it'll be fixed.",Water & Utilities,Water & Utilities::9
The water on Highfield Ave has been shut off this past hour without any prior notice.,Water & Utilities,Water & Utilities::11
The public water fountain in the park near Market Street isn't working since Monday.,Parks & Public Spaces,Parks & Public Spaces::6
Flies are swarming around a garbage pile on Market Street for the past three days.,Sanitation & Waste,Sanitation & Waste::12
The traffic light at the corner of Main St has been stuck on red last night.,Traffic & Roads,Traffic & Roads::1
A bar on 5th Avenue has had excessively loud events for the past three days.,Noise Complaints,Noise Complaints::3
Park signage near Maple Avenue listing opening hours is faded and unreadable for the past three days.,Parks & Public Spaces,Parks & Public Spaces::14
Late-night parties on Oak Lane yesterday afternoon are keeping residents awake.,Noise Complaints,Noise Complaints::5
"The sidewalk on 5th Avenue is cracked and uneven every evening this week, a real trip hazard.",Public Safety,Public Safety::4
"A neighbor's renovation work on Station Road started very early for the past three days, before permitted hours.",Noise Complaints,Noise Complaints::8
Motorbikes revving their engines on Maple Avenue this past hour are extremely disruptive.,Noise Complaints,Noise Complaints::7
There's a large pothole on Church Road that's been damaging cars every evening this week.,Traffic & Roads,Traffic & Roads::0
There's constant dog barking from a property on Elm Street over the weekend.,Noise Complaints,Noise Complaints::2
A gate at the construction site on Station Road has been left unlocked this morning.,Public Safety,Public Safety::15
The power keeps flickering on and off on Lakeview Drive for two weeks now.,Water & Utilities,Water & Utilities::8
"Someone has been loitering near the school on Church Road for two weeks now, parents are concerned.",Public Safety,Public Safety::7
"The one-way sign on Hillcrest Road is bent and hard to read every evening this week, causing wrong-way driving.",Traffic & Roads,Traffic & Roads::17
A pothole the size of a dinner plate has appeared on Church Road every evening this week.,Traffic & Roads,Traffic & Roads::10
An overflowing skip/dumpster has been sitting on Station Road since Monday without being emptied.,Sanitation & Waste,Sanitation & Waste::16
A pothole the size of a dinner plate has appeared on Hillcrest Road for the past three days.,Traffic & Roads,Traffic & Roads::10
"The one-way sign on Market Street is bent and hard to read since Monday, causing wrong-way driving.",Traffic & Roads,Traffic & Roads::17
The swings at the playground on Park Road are rusted and need replacing for the past three days.,Parks & Public Spaces,Parks & Public Spaces::11
Household waste has been dumped on the sidewalk of Oak Lane yesterday afternoon.,Sanitation & Waste,Sanitation & Waste::7
Loose electrical wiring has been spotted hanging near Hillcrest Road for the past three days.,Public Safety,Public Safety::6
Residents on Maple Avenue report the tap water smells strange every evening this week.,Water & Utilities,Water & Utilities::14
Flies are swarming around a garbage pile on Station Road yesterday afternoon.,Sanitation & Waste,Sanitation & Waste::12
The gas meter box on Cedar Street appears damaged last night.,Water & Utilities,Water & Utilities::13
Loudspeakers from an event on Highfield Ave can be heard blocks away last night.,Noise Complaints,Noise Complaints::9
A sewage smell is coming from a manhole on Maple Avenue this morning.,Water & Utilities,Water & Utilities::3
Late-night parties on Hillcrest Road last night are keeping residents awake.,Noise Complaints,Noise Complaints::5
Broken glass has been scattered on the pavement of Market Street for two weeks now.,Public Safety,Public Safety::12
Cars are parking illegally on Maple Avenue and blocking the bike lane for the past three days.,Traffic & Roads,Traffic & Roads::2
A broken guardrail on the bridge near Union Street needs urgent road repair last night.,Traffic & Roads,Traffic & Roads::15
"A streetlamp on Oak Lane has been flickering and going dark every evening this week, it feels unsafe at night.",Public Safety,Public Safety::0
"A neighbor's renovation work on Highfield Ave started very early every evening this week, before permitted hours.",Noise Complaints,Noise Complaints::8
"The road on Market Street is badly flooded this past hour, it's not passable.",Traffic & Roads,Traffic & Roads::3
The playground equipment at the park on Hillcrest Road is broken for two weeks now.,Parks & Public Spaces,Parks & Public Spaces::0
"There's an abandoned building on Main St with a broken fence, unsafe over the weekend.",Public Safety,Public Safety::1
"Street signage near Cedar Street is missing, causing confusion for drivers yesterday afternoon.",Traffic & Roads,Traffic & Roads::4
"The road on Elm Street is badly flooded over the weekend, it's not passable.",Traffic & Roads,Traffic & Roads::3
Rats have been spotted near the uncollected trash on Union Street last night.,Sanitation & Waste,Sanitation & Waste::8
The crosswalk markings on Oak Lane have faded and are barely visible this past hour.,Traffic & Roads,Traffic & Roads::7
The emergency call box on Oak Lane appears to be non-functional for the past three days.,Public Safety,Public Safety::13
"There's a gas smell near 5th Avenue yesterday afternoon, this may need urgent attention.",Water & Utilities,Water & Utilities::5
Flies are swarming around a garbage pile on Station Road for two weeks now.,Sanitation & Waste,Sanitation & Waste::12
The community garden near Elm Street has been vandalized for the past three days.,Parks & Public Spaces,Parks & Public Spaces::13
"Garbage collection on Church Road was missed over the weekend, bins are overflowing.",Sanitation & Waste,Sanitation & Waste::0
Roadworks on Maple Avenue have left an unmarked hole in the pavement last night.,Traffic & Roads,Traffic & Roads::16
The electricity substation near Market Street has been making loud buzzing noises every evening this week.,Water & Utilities,Water & Utilities::16
Overgrown grass and weeds at the park near Highfield Ave need to be cut over the weekend.,Parks & Public Spaces,Parks & Public Spaces::3
There's constant dog barking from a property on 5th Avenue for two weeks now.,Noise Complaints,Noise Complaints::2
A restaurant's outdoor speakers on Elm Street are far too loud yesterday afternoon.,Noise Complaints,Noise Complaints::11
"Garbage collection on Church Road was missed yesterday afternoon, bins are overflowing.",Sanitation & Waste,Sanitation & Waste::0
A bar on Hillcrest Road has had excessively loud events for the past three days.,Noise Complaints,Noise Complaints::3
Household waste has been dumped on the sidewalk of Hillcrest Road yesterday afternoon.,Sanitation & Waste,Sanitation & Waste::7
Loudspeakers from an event on Maple Avenue can be heard blocks away this past hour.,Noise Complaints,Noise Complaints::9
"An unsecured construction site on Cedar Street has been left open last night, kids could wander in.",Public Safety,Public Safety::10
"An unsecured construction site on Cedar Street has been left open every evening this week, kids could wander in.",Public Safety,Public Safety::10
The public restrooms at the park on Park Road have been out of service for two weeks now.,Parks & Public Spaces,Parks & Public Spaces::2
Household waste has been dumped on the sidewalk of 5th Avenue since Monday.,Sanitation & Waste,Sanitation & Waste::7
Rats have been spotted near the uncollected trash on Station Road last night.,Sanitation & Waste,Sanitation & Waste::8
Someone has been illegally dumping construction waste near 5th Avenue for two weeks now.,Sanitation & Waste,Sanitation & Waste::1
There's no working smoke detector reported in the shared stairwell on Hillcrest Road every evening this week.,Public Safety,Public Safety::14
Loudspeakers from an event on Elm Street can be heard blocks away this past hour.,Noise Complaints,Noise Complaints::9
The streetlights on Hillcrest Road have been out since Monday.,Water & Utilities,Water & Utilities::4
Motorbikes revving their engines on Highfield Ave yesterday afternoon are extremely disruptive.,Noise Complaints,Noise Complaints::7
"Suspicious activity has been reported near Market Street this past hour, requesting a patrol.",Public Safety,Public Safety::2
Graffiti has appeared on the park walls near Lakeview Drive since Monday.,Parks & Public Spaces,Parks & Public Spaces::1
Roadworks on Maple Avenue have left an unmarked hole in the pavement this past hour.,Traffic & Roads,Traffic & Roads::16
"A streetlamp on Church Road has been flickering and going dark this morning, it feels unsafe at night.",Public Safety,Public Safety::0
A burst pipe on Cedar Street is spraying water onto the road since Monday.,Water & Utilities,Water & Utilities::7
The crosswalk markings on Riverside Drive have faded and are barely visible for the past three days.,Traffic & Roads,Traffic & Roads::7
An unleashed aggressive dog has been reported at the park on Riverside Drive last night.,Parks & Public Spaces,Parks & Public Spaces::12
A guard rail near Park Road is broken yesterday afternoon and needs urgent repair.,Public Safety,Public Safety::5
Heavy trucks are damaging the road surface on Lakeview Drive yesterday afternoon.,Traffic & Roads,Traffic & Roads::18
Household waste has been dumped on the sidewalk of Church Road for the past three days.,Sanitation & Waste,Sanitation & Waste::7
A stop sign near Cedar Street was knocked down yesterday afternoon and hasn't been replaced.,Traffic & Roads,Traffic & Roads::6
Broken glass has been found near the playground on Market Street yesterday afternoon.,Parks & Public Spaces,Parks & Public Spaces::5
A dangerously leaning tree on Market Street looks like it could fall for the past three days.,Public Safety,Public Safety::11
Low water pressure has been reported on Union Street this past hour.,Water & Utilities,Water & Utilities::2
A fire hydrant on Elm Street appears damaged for two weeks now and may not work in an emergency.,Public Safety,Public Safety::3
A burst pipe on Market Street is spraying water onto the road last night.,Water & Utilities,Water & Utilities::7
The pedestrian crossing button on Riverside Drive isn't working last night.,Traffic & Roads,Traffic & Roads::14
"An open manhole cover on Riverside Drive has been left uncovered yesterday afternoon, it's a serious hazard.",Water & Utilities,Water & Utilities::15
There's no working smoke detector reported in the shared stairwell on Maple Avenue over the weekend.,Public Safety,Public Safety::14
"There's been a total blackout on Market Street every evening this week, residents are asking when it'll be fixed.",Water & Utilities,Water & Utilities::9
Graffiti has appeared on the park walls near Cedar Street for the past three days.,Parks & Public Spaces,Parks & Public Spaces::1
Yard waste hasn't been picked up on 5th Avenue this past hour despite being scheduled.,Sanitation & Waste,Sanitation & Waste::11
"The road on 5th Avenue is badly flooded for two weeks now, it's not passable.",Traffic & Roads,Traffic & Roads::3
The power keeps flickering on and off on Oak Lane for two weeks now.,Water & Utilities,Water & Utilities::8
A restaurant's outdoor speakers on Hillcrest Road are far too loud yesterday afternoon.,Noise Complaints,Noise Complaints::11
"An open manhole cover on Union Street has been left uncovered every evening this week, it's a serious hazard.",Water & Utilities,Water & Utilities::15
"The garbage truck skipped our block on 5th Avenue since Monday, can someone come by?",Sanitation & Waste,Sanitation & Waste::9
"Garbage collection on Highfield Ave was missed this past hour, bins are overflowing.",Sanitation & Waste,Sanitation & Waste::0
The basketball court near Station Road has large cracks in the surface this morning.,Parks & Public Spaces,Parks & Public Spaces::8
"Fireworks have been set off repeatedly near Elm Street last night, disturbing residents.",Noise Complaints,Noise Complaints::10
Park signage near Station Road listing opening hours is faded and unreadable this past hour.,Parks & Public Spaces,Parks & Public Spaces::14
The emergency call box on Park Road appears to be non-functional since Monday.,Public Safety,Public Safety::13
Fallen tree branches are blocking a path in the park on Lakeview Drive this morning.,Parks & Public Spaces,Parks & Public Spaces::7
"An unsecured construction site on Riverside Drive has been left open over the weekend, kids could wander in.",Public Safety,Public Safety::10
"The street sweeper hasn't come through 5th Avenue for two weeks now, leaves and debris are piling up.",Sanitation & Waste,Sanitation & Waste::15
Broken glass has been scattered on the pavement of Highfield Ave over the weekend.,Public Safety,Public Safety::12
"The sidewalk on Union Street is cracked and uneven for two weeks now, a real trip hazard.",Public Safety,Public Safety::4
Car alarms keep going off on Station Road last night without anyone responding.,Noise Complaints,Noise Complaints::4
There's a bad smell coming from an uncollected dumpster on Hillcrest Road for two weeks now.,Sanitation & Waste,Sanitation & Waste::3
Park signage near Hillcrest Road listing opening hours is faded and unreadable last night.,Parks & Public Spaces,Parks & Public Spaces::14
A bar on Union Street has had excessively loud events for the past three days.,Noise Complaints,Noise Complaints::3
"Suspicious activity has been reported near Oak Lane this morning, requesting a patrol.",Public Safety,Public Safety::2
"Fireworks have been set off repeatedly near Riverside Drive for two weeks now, disturbing residents.",Noise Complaints,Noise Complaints::10
"A security camera on Riverside Drive has been broken for the past three days, it's a blind spot now.",Public Safety,Public Safety::8
A broken guardrail on the bridge near Main St needs urgent road repair last night.,Traffic & Roads,Traffic & Roads::15
"The sidewalk on Lakeview Drive is cracked and uneven for two weeks now, a real trip hazard.",Public Safety,Public Safety::4
A fire hydrant on Park Road appears damaged last night and may not work in an emergency.,Public Safety,Public Safety::3
The swings at the playground on Oak Lane are rusted and need replacing this past hour.,Parks & Public Spaces,Parks & Public Spaces::11
Flies are swarming around a garbage pile on Elm Street this morning.,Sanitation & Waste,Sanitation & Waste::12
"The pavement is cracked and uneven on 5th Avenue since Monday, cyclists keep swerving to avoid it.",Traffic & Roads,Traffic & Roads::9
"We've had no electricity on Hillcrest Road for the past three days, please send a crew.",Water & Utilities,Water & Utilities::1
A dangerously leaning tree on Hillcrest Road looks like it could fall for the past three days.,Public Safety,Public Safety::11
Rats have been spotted near the uncollected trash on Oak Lane every evening this week.,Sanitation & Waste,Sanitation & Waste::8
Recyclables are being mixed with regular trash by collectors on Oak Lane every evening this week.,Sanitation & Waste,Sanitation & Waste::17
"Someone burned trash illegally near Main St this past hour, leaving ash everywhere.",Sanitation & Waste,Sanitation & Waste::14
"There's been a total blackout on Main St for two weeks now, residents are asking when it'll be fixed.",Water & Utilities,Water & Utilities::9
Park signage near Riverside Drive listing opening hours is faded and unreadable this morning.,Parks & Public Spaces,Parks & Public Spaces::14
"We've had no electricity on Park Road yesterday afternoon, please send a crew.",Water & Utilities,Water & Utilities::1
A fire hydrant on Main St appears damaged yesterday afternoon and may not work in an emergency.,Public Safety,Public Safety::3
"A fallen power line is dangling near Maple Avenue this past hour, it looks dangerous.",Water & Utilities,Water & Utilities::10
A bench in the park on Maple Avenue is damaged and unsafe to sit on this past hour.,Parks & Public Spaces,Parks & Public Spaces::4
"An open manhole cover on Station Road has been left uncovered last night, it's a serious hazard.",Water & Utilities,Water & Utilities::15
There's constant dog barking from a property on Elm Street last night.,Noise Complaints,Noise Complaints::2
"Please fix the sinkhole that opened up on Riverside Drive over the weekend, cars are swerving around it.",Traffic & Roads,Traffic & Roads::19
Late-night parties on Oak Lane this past hour are keeping residents awake.,Noise Complaints,Noise Complaints::5
The pedestrian crossing button on Park Road isn't working for two weeks now.,Traffic & Roads,Traffic & Roads::14
A burst pipe on Highfield Ave is spraying water onto the road for two weeks now.,Water & Utilities,Water & Utilities::7
A pothole the size of a dinner plate has appeared on Hillcrest Road last night.,Traffic & Roads,Traffic & Roads::10
"Suspicious activity has been reported near Church Road last night, requesting a patrol.",Public Safety,Public Safety::2
Residents on Maple Avenue report the tap water smells strange yesterday afternoon.,Water & Utilities,Water & Utilities::14
Household waste has been dumped on the sidewalk of Station Road since Monday.,Sanitation & Waste,Sanitation & Waste::7
"Someone has been loitering near the school on Union Street last night, parents are concerned.",Public Safety,Public Safety::7
"Drivers are running the red light on Maple Avenue last night, it's an accident waiting to happen.",Traffic & Roads,Traffic & Roads::11
Continuous drilling noise from Highfield Ave every evening this week has been reported by several residents.,Noise Complaints,Noise Complaints::12
The traffic light at the corner of Cedar Street has been stuck on red since Monday.,Traffic & Roads,Traffic & Roads::1
A house party on Elm Street over the weekend has loud music going well past midnight.,Noise Complaints,Noise Complaints::13
The pedestrian crossing button on 5th Avenue isn't working since Monday.,Traffic & Roads,Traffic & Roads::14
"Traffic congestion on Main St has gotten much worse this past hour, please review the signal timing.",Traffic & Roads,Traffic & Roads::5
There's an old mattress and broken furniture dumped on 5th Avenue this past hour.,Sanitation & Waste,Sanitation & Waste::10
The public water fountain in the park near Station Road isn't working since Monday.,Parks & Public Spaces,Parks & Public Spaces::6
"We've had no electricity on Oak Lane for two weeks now, please send a crew.",Water & Utilities,Water & Utilities::1
A stop sign near Main St was knocked down this past hour and hasn't been replaced.,Traffic & Roads,Traffic & Roads::6
